policy,k,batch_size,layer_id,accesses,hits,misses,fetches,compulsory_loads,refetches,evictions,admissions,bypasses,hit_rate,h2d_bytes,h2d_reduction_vs_stream2
stream2,0,40,0,835525,0,835525,835525,128,835397,0,0,0,0.0,7885003161600,0.0
stream2,0,40,1,833321,0,833321,833321,128,833193,0,0,0,0.0,7864203608064,0.0
stream2,0,40,2,771712,0,771712,771712,128,771584,0,0,0,0.0,7282788139008,0.0
stream2,0,40,3,812190,0,812190,812190,128,812062,0,0,0,0.0,7664786472960,0.0
stream2,0,40,4,783878,0,783878,783878,128,783750,0,0,0,0.0,7397600919552,0.0
stream2,0,40,5,789848,0,789848,789848,128,789720,0,0,0,0.0,7453940908032,0.0
stream2,0,40,6,785541,0,785541,785541,128,785413,0,0,0,0.0,7413294956544,0.0
stream2,0,40,7,785500,0,785500,785500,128,785372,0,0,0,0.0,7412908032000,0.0
stream2,0,40,8,811106,0,811106,811106,128,810978,0,0,0,0.0,7654556565504,0.0
stream2,0,40,9,792899,0,792899,792899,128,792771,0,0,0,0.0,7482733756416,0.0
stream2,0,40,10,790926,0,790926,790926,128,790798,0,0,0,0.0,7464114192384,0.0
stream2,0,40,11,802109,0,802109,802109,128,801981,0,0,0,0.0,7569650221056,0.0
stream2,0,40,12,775408,0,775408,775408,128,775280,0,0,0,0.0,7317667971072,0.0
stream2,0,40,13,765542,0,765542,765542,128,765414,0,0,0,0.0,7224560713728,0.0
stream2,0,40,14,769261,0,769261,769261,128,769133,0,0,0,0.0,7259657601024,0.0
stream2,0,40,15,783090,0,783090,783090,128,782962,0,0,0,0.0,7390164418560,0.0
stream2,0,40,16,751494,0,751494,751494,128,751366,0,0,0,0.0,7091987152896,0.0
stream2,0,40,17,735616,0,735616,735616,128,735488,0,0,0,0.0,6942143545344,0.0
stream2,0,40,18,768731,0,768731,768731,128,768603,0,0,0,0.0,7254655893504,0.0
stream2,0,40,19,780563,0,780563,780563,128,780435,0,0,0,0.0,7366316654592,0.0
stream2,0,40,20,791661,0,791661,791661,128,791533,0,0,0,0.0,7471050522624,0.0
stream2,0,40,21,774079,0,774079,774079,128,773951,0,0,0,0.0,7305125953536,0.0
stream2,0,40,22,785935,0,785935,785935,128,785807,0,0,0,0.0,7417013207040,0.0
stream2,0,40,23,785459,0,785459,785459,128,785331,0,0,0,0.0,7412521107456,0.0
stream2,0,40,24,776115,0,776115,776115,128,775987,0,0,0,0.0,7324340060160,0.0
stream2,0,40,25,761251,0,761251,761251,128,761123,0,0,0,0.0,7184065757184,0.0
stream2,0,40,26,778850,0,778850,778850,128,778722,0,0,0,0.0,7350150758400,0.0
stream2,0,40,27,786252,0,786252,786252,128,786124,0,0,0,0.0,7420004794368,0.0
stream2,0,40,28,756158,0,756158,756158,128,756030,0,0,0,0.0,7136002179072,0.0
stream2,0,40,29,771640,0,771640,771640,128,771512,0,0,0,0.0,7282108661760,0.0
stream2,0,40,30,768942,0,768942,768942,128,768814,0,0,0,0.0,7256647139328,0.0
stream2,0,40,31,779981,0,779981,779981,128,779853,0,0,0,0.0,7360824213504,0.0
stream2,0,40,32,798364,0,798364,798364,128,798236,0,0,0,0.0,7534307966976,0.0
stream2,0,40,33,785681,0,785681,785681,128,785553,0,0,0,0.0,7414616162304,0.0
stream2,0,40,34,783716,0,783716,783716,128,783588,0,0,0,0.0,7396072095744,0.0
stream2,0,40,35,794747,0,794747,794747,128,794619,0,0,0,0.0,7500173672448,0.0
stream2,0,40,36,781106,0,781106,781106,128,780978,0,0,0,0.0,7371441045504,0.0
stream2,0,40,37,768246,0,768246,768246,128,768118,0,0,0,0.0,7250078859264,0.0
stream2,0,40,38,776922,0,776922,776922,128,776794,0,0,0,0.0,7331955867648,0.0
stream2,0,40,39,783331,0,783331,783331,128,783203,0,0,0,0.0,7392438779904,0.0
stream2,0,40,40,764502,0,764502,764502,128,764374,0,0,0,0.0,7214746042368,0.0
stream2,0,40,41,745064,0,745064,745064,128,744936,0,0,0,0.0,7031306059776,0.0
stream2,0,40,42,737151,0,737151,737151,127,737024,0,0,0,0.0,6956629622784,0.0
stream2,0,40,43,733987,0,733987,733987,125,733862,0,0,0,0.0,6926770372608,0.0
stream2,0,40,44,739696,0,739696,739696,126,739570,0,0,0,0.0,6980647256064,0.0
stream2,0,40,45,731526,0,731526,731526,128,731398,0,0,0,0.0,6903545462784,0.0
stream2,0,40,46,752250,0,752250,752250,126,752124,0,0,0,0.0,7099121664000,0.0
stream2,0,40,47,746547,0,746547,746547,121,746426,0,0,0,0.0,7045301403648,0.0
permanent_k,8,40,0,835525,60947,774578,774578,120,774458,0,0,0,0.07294455581819814,7309835108352,0.07294455581819814
permanent_k,8,40,1,833321,60966,772355,772355,120,772235,0,0,0,0.07316028277218503,7288856248320,0.073160282772185
permanent_k,8,40,2,771712,61118,710594,710594,120,710474,0,0,0,0.07919793912755017,6706006327296,0.07919793912755013
permanent_k,8,40,3,812190,60931,751259,751259,120,751139,0,0,0,0.07502062325317968,7089769414656,0.07502062325317971
permanent_k,8,40,4,783878,61054,722824,722824,120,722704,0,0,0,0.07788712018962135,6821423087616,0.0778871201896213
permanent_k,8,40,5,789848,61108,728740,728740,120,728620,0,0,0,0.07736678449524466,6877253468160,0.0773667844952447
permanent_k,8,40,6,785541,61138,724403,724403,120,724283,0,0,0,0.07782916486854283,6836324401152,0.07782916486854285
permanent_k,8,40,7,785500,60997,724503,724503,120,724383,0,0,0,0.07765372374283895,6837268119552,0.07765372374283896
permanent_k,8,40,8,811106,60932,750174,750174,120,750054,0,0,0,0.07512211720786185,7079530070016,0.07512211720786188
permanent_k,8,40,9,792899,60965,731934,731934,120,731814,0,0,0,0.07688873362181059,6907395833856,0.07688873362181059
permanent_k,8,40,10,790926,60858,730068,730068,120,729948,0,0,0,0.07694525151531244,6889786048512,0.0769452515153124
permanent_k,8,40,11,802109,60895,741214,741214,120,741094,0,0,0,0.07591860956553287,6994972901376,0.07591860956553287
permanent_k,8,40,12,775408,60951,714457,714457,120,714337,0,0,0,0.07860506984709985,6742462169088,0.0786050698470998
permanent_k,8,40,13,765542,60871,704671,704671,120,704551,0,0,0,0.07951359951511477,6650109886464,0.07951359951511483
permanent_k,8,40,14,769261,61150,708111,708111,120,707991,0,0,0,0.07949187596927441,6682573799424,0.07949187596927443
permanent_k,8,40,15,783090,61036,722054,722054,120,721934,0,0,0,0.07794250980091688,6814156455936,0.07794250980091688
permanent_k,8,40,16,751494,61278,690216,690216,120,690096,0,0,0,0.08154156919416522,6513695391744,0.08154156919416522
permanent_k,8,40,17,735616,61271,674345,674345,120,674225,0,0,0,0.08329209805115713,6363917844480,0.08329209805115712
permanent_k,8,40,18,768731,61266,707465,707465,120,707345,0,0,0,0.07969757951741246,6676477378560,0.07969757951741241
permanent_k,8,40,19,780563,61243,719320,719320,120,719200,0,0,0,0.07846003461603997,6788355194880,0.07846003461604001
permanent_k,8,40,20,791661,61222,730439,730439,120,730319,0,0,0,0.07733360617739159,6893287243776,0.0773336061773916
permanent_k,8,40,21,774079,61111,712968,712968,120,712848,0,0,0,0.07894672249214874,6728410202112,0.07894672249214874
permanent_k,8,40,22,785935,60818,725117,725117,120,724997,0,0,0,0.07738298968744235,6843062550528,0.0773829896874424
permanent_k,8,40,23,785459,60843,724616,724616,120,724496,0,0,0,0.07746171346944908,6838334521344,0.07746171346944908
permanent_k,8,40,24,776115,61047,715068,715068,120,714948,0,0,0,0.07865715776656809,6748228288512,0.07865715776656812
permanent_k,8,40,25,761251,61205,700046,700046,120,699926,0,0,0,0.0804005511979623,6606462910464,0.0804005511979623
permanent_k,8,40,26,778850,61176,717674,717674,120,717554,0,0,0,0.07854657507864159,6772821590016,0.0785465750786416
permanent_k,8,40,27,786252,61115,725137,725137,120,725017,0,0,0,0.07772953200754974,6843251294208,0.07772953200754973
permanent_k,8,40,28,756158,61221,694937,694937,120,694817,0,0,0,0.08096323784182671,6558248337408,0.08096323784182669
permanent_k,8,40,29,771640,60893,710747,710747,120,710627,0,0,0,0.07891374215955627,6707450216448,0.07891374215955627
permanent_k,8,40,30,768942,61199,707743,707743,120,707623,0,0,0,0.07958857755201303,6679100915712,0.07958857755201298
permanent_k,8,40,31,779981,61215,718766,718766,120,718646,0,0,0,0.07848268098838306,6783126994944,0.07848268098838307
permanent_k,8,40,32,798364,60927,737437,737437,120,737317,0,0,0,0.07631481379420915,6959328657408,0.07631481379420912
permanent_k,8,40,33,785681,60991,724690,724690,120,724570,0,0,0,0.07762819770364818,6839032872960,0.07762819770364815
permanent_k,8,40,34,783716,60978,722738,722738,120,722618,0,0,0,0.07780624614018343,6820611489792,0.07780624614018339
permanent_k,8,40,35,794747,61062,733685,733685,120,733565,0,0,0,0.07683199810757385,6923920343040,0.0768319981075739
permanent_k,8,40,36,781106,60989,720117,720117,120,719997,0,0,0,0.07808031176306417,6795876630528,0.07808031176306418
permanent_k,8,40,37,768246,61034,707212,707212,120,707092,0,0,0,0.07944590664969294,6674089771008,0.07944590664969298
permanent_k,8,40,38,776922,61189,715733,715733,120,715613,0,0,0,0.07875822798170215,6754504015872,0.07875822798170218
permanent_k,8,40,39,783331,61225,722106,722106,120,721986,0,0,0,0.07815980728453234,6814647189504,0.07815980728453231
permanent_k,8,40,40,764502,61217,703285,703285,120,703165,0,0,0,0.08007434905337069,6637029949440,0.08007434905337074
permanent_k,8,40,41,745064,61119,683945,683945,120,683825,0,0,0,0.0820318791405839,6454514810880,0.08203187914058385
permanent_k,8,40,42,737151,61342,675809,675809,119,675690,0,0,0,0.08321497223770978,6377733881856,0.0832149722377098
permanent_k,8,40,43,733987,61349,672638,672638,117,672521,0,0,0,0.08358322422604215,6347808571392,0.08358322422604214
permanent_k,8,40,44,739696,61380,678316,678316,118,678198,0,0,0,0.08298003504142243,6401392902144,0.08298003504142237
permanent_k,8,40,45,731526,61266,670260,670260,120,670140,0,0,0,0.0837509534862739,6325366947840,0.08375095348627393
permanent_k,8,40,46,752250,61141,691109,691109,118,690991,0,0,0,0.08127750083084082,6522122797056,0.08127750083084084
permanent_k,8,40,47,746547,61285,685262,685262,113,685149,0,0,0,0.08209128159379114,6466943582208,0.0820912815937912
quota_lru_k,8,40,0,835525,0,835525,835525,128,835397,835517,835525,0,0.0,7885003161600,0.0
quota_lru_k,8,40,1,833321,0,833321,833321,128,833193,833313,833321,0,0.0,7864203608064,0.0
quota_lru_k,8,40,2,771712,0,771712,771712,128,771584,771704,771712,0,0.0,7282788139008,0.0
quota_lru_k,8,40,3,812190,0,812190,812190,128,812062,812182,812190,0,0.0,7664786472960,0.0
quota_lru_k,8,40,4,783878,0,783878,783878,128,783750,783870,783878,0,0.0,7397600919552,0.0
quota_lru_k,8,40,5,789848,0,789848,789848,128,789720,789840,789848,0,0.0,7453940908032,0.0
quota_lru_k,8,40,6,785541,0,785541,785541,128,785413,785533,785541,0,0.0,7413294956544,0.0
quota_lru_k,8,40,7,785500,0,785500,785500,128,785372,785492,785500,0,0.0,7412908032000,0.0
quota_lru_k,8,40,8,811106,0,811106,811106,128,810978,811098,811106,0,0.0,7654556565504,0.0
quota_lru_k,8,40,9,792899,0,792899,792899,128,792771,792891,792899,0,0.0,7482733756416,0.0
quota_lru_k,8,40,10,790926,0,790926,790926,128,790798,790918,790926,0,0.0,7464114192384,0.0
quota_lru_k,8,40,11,802109,0,802109,802109,128,801981,802101,802109,0,0.0,7569650221056,0.0
quota_lru_k,8,40,12,775408,0,775408,775408,128,775280,775400,775408,0,0.0,7317667971072,0.0
quota_lru_k,8,40,13,765542,0,765542,765542,128,765414,765534,765542,0,0.0,7224560713728,0.0
quota_lru_k,8,40,14,769261,0,769261,769261,128,769133,769253,769261,0,0.0,7259657601024,0.0
quota_lru_k,8,40,15,783090,0,783090,783090,128,782962,783082,783090,0,0.0,7390164418560,0.0
quota_lru_k,8,40,16,751494,0,751494,751494,128,751366,751486,751494,0,0.0,7091987152896,0.0
quota_lru_k,8,40,17,735616,0,735616,735616,128,735488,735608,735616,0,0.0,6942143545344,0.0
quota_lru_k,8,40,18,768731,0,768731,768731,128,768603,768723,768731,0,0.0,7254655893504,0.0
quota_lru_k,8,40,19,780563,0,780563,780563,128,780435,780555,780563,0,0.0,7366316654592,0.0
quota_lru_k,8,40,20,791661,0,791661,791661,128,791533,791653,791661,0,0.0,7471050522624,0.0
quota_lru_k,8,40,21,774079,0,774079,774079,128,773951,774071,774079,0,0.0,7305125953536,0.0
quota_lru_k,8,40,22,785935,0,785935,785935,128,785807,785927,785935,0,0.0,7417013207040,0.0
quota_lru_k,8,40,23,785459,0,785459,785459,128,785331,785451,785459,0,0.0,7412521107456,0.0
quota_lru_k,8,40,24,776115,0,776115,776115,128,775987,776107,776115,0,0.0,7324340060160,0.0
quota_lru_k,8,40,25,761251,0,761251,761251,128,761123,761243,761251,0,0.0,7184065757184,0.0
quota_lru_k,8,40,26,778850,0,778850,778850,128,778722,778842,778850,0,0.0,7350150758400,0.0
quota_lru_k,8,40,27,786252,0,786252,786252,128,786124,786244,786252,0,0.0,7420004794368,0.0
quota_lru_k,8,40,28,756158,0,756158,756158,128,756030,756150,756158,0,0.0,7136002179072,0.0
quota_lru_k,8,40,29,771640,0,771640,771640,128,771512,771632,771640,0,0.0,7282108661760,0.0
quota_lru_k,8,40,30,768942,0,768942,768942,128,768814,768934,768942,0,0.0,7256647139328,0.0
quota_lru_k,8,40,31,779981,0,779981,779981,128,779853,779973,779981,0,0.0,7360824213504,0.0
quota_lru_k,8,40,32,798364,0,798364,798364,128,798236,798356,798364,0,0.0,7534307966976,0.0
quota_lru_k,8,40,33,785681,0,785681,785681,128,785553,785673,785681,0,0.0,7414616162304,0.0
quota_lru_k,8,40,34,783716,0,783716,783716,128,783588,783708,783716,0,0.0,7396072095744,0.0
quota_lru_k,8,40,35,794747,0,794747,794747,128,794619,794739,794747,0,0.0,7500173672448,0.0
quota_lru_k,8,40,36,781106,0,781106,781106,128,780978,781098,781106,0,0.0,7371441045504,0.0
quota_lru_k,8,40,37,768246,0,768246,768246,128,768118,768238,768246,0,0.0,7250078859264,0.0
quota_lru_k,8,40,38,776922,0,776922,776922,128,776794,776914,776922,0,0.0,7331955867648,0.0
quota_lru_k,8,40,39,783331,0,783331,783331,128,783203,783323,783331,0,0.0,7392438779904,0.0
quota_lru_k,8,40,40,764502,0,764502,764502,128,764374,764494,764502,0,0.0,7214746042368,0.0
quota_lru_k,8,40,41,745064,0,745064,745064,128,744936,745056,745064,0,0.0,7031306059776,0.0
quota_lru_k,8,40,42,737151,0,737151,737151,127,737024,737143,737151,0,0.0,6956629622784,0.0
quota_lru_k,8,40,43,733987,0,733987,733987,125,733862,733979,733987,0,0.0,6926770372608,0.0
quota_lru_k,8,40,44,739696,0,739696,739696,126,739570,739688,739696,0,0.0,6980647256064,0.0
quota_lru_k,8,40,45,731526,0,731526,731526,128,731398,731518,731526,0,0.0,6903545462784,0.0
quota_lru_k,8,40,46,752250,0,752250,752250,126,752124,752242,752250,0,0.0,7099121664000,0.0
quota_lru_k,8,40,47,746547,0,746547,746547,121,746426,746539,746547,0,0.0,7045301403648,0.0
quota_lru_resident_hit_first,8,40,0,835525,55334,780191,780191,128,780063,780183,780191,0,0.0662266239789354,7362806022144,0.06622662397893542
quota_lru_resident_hit_first,8,40,1,833321,55614,777707,777707,128,777579,777699,777707,0,0.06673778771925824,7339364057088,0.0667377877192582
quota_lru_resident_hit_first,8,40,2,771712,56653,715059,715059,128,714931,715051,715059,0,0.07341210192403384,6748143353856,0.0734121019240338
quota_lru_resident_hit_first,8,40,3,812190,53654,758536,758536,128,758408,758528,758536,0,0.06606089708073234,7158443802624,0.06606089708073237
quota_lru_resident_hit_first,8,40,4,783878,54649,729229,729229,128,729101,729221,729229,0,0.06971620583815338,6881868251136,0.06971620583815341
quota_lru_resident_hit_first,8,40,5,789848,55330,734518,734518,128,734390,734510,734518,0,0.07005145293778044,6931781517312,0.07005145293778048
quota_lru_resident_hit_first,8,40,6,785541,55071,730470,730470,128,730342,730462,730470,0,0.07010582515743927,6893579796480,0.07010582515743924
quota_lru_resident_hit_first,8,40,7,785500,52273,733227,733227,128,733099,733219,733227,0,0.06654742202418841,6919598112768,0.0665474220241884
quota_lru_resident_hit_first,8,40,8,811106,53669,757437,757437,128,757309,757429,757437,0,0.06616767722097974,7148072337408,0.06616767722097971
quota_lru_resident_hit_first,8,40,9,792899,54079,738820,738820,128,738692,738812,738820,0,0.06820414706034438,6972380282880,0.06820414706034439
quota_lru_resident_hit_first,8,40,10,790926,52438,738488,738488,128,738360,738480,738488,0,0.06629950210259873,6969247137792,0.06629950210259872
quota_lru_resident_hit_first,8,40,11,802109,53809,748300,748300,128,748172,748292,748300,0,0.06708439875378533,7061844787200,0.06708439875378536
quota_lru_resident_hit_first,8,40,12,775408,52606,722802,722802,128,722674,722794,722802,0,0.06784299362400181,6821215469568,0.06784299362400181
quota_lru_resident_hit_first,8,40,13,765542,52204,713338,713338,128,713210,713330,713338,0,0.06819220891864848,6731901960192,0.06819220891864852
quota_lru_resident_hit_first,8,40,14,769261,51375,717886,717886,128,717758,717878,717886,0,0.06678487535439857,6774822273024,0.06678487535439859
quota_lru_resident_hit_first,8,40,15,783090,53626,729464,729464,128,729336,729456,729464,0,0.06847999591362423,6884085989376,0.06847999591362419
quota_lru_resident_hit_first,8,40,16,751494,56399,695095,695095,128,694967,695087,695095,0,0.07504916872257131,6559739412480,0.07504916872257128
quota_lru_resident_hit_first,8,40,17,735616,51762,683854,683854,128,683726,683846,683854,0,0.0703655167913694,6453656027136,0.07036551679136938
quota_lru_resident_hit_first,8,40,18,768731,54091,714640,714640,128,714512,714632,714640,0,0.07036401550087092,6744189173760,0.0703640155008709
quota_lru_resident_hit_first,8,40,19,780563,52777,727786,727786,128,727658,727778,727786,0,0.06761401706204367,6868250394624,0.06761401706204373
quota_lru_resident_hit_first,8,40,20,791661,53554,738107,738107,128,737979,738099,738107,0,0.06764764210943826,6965651570688,0.0676476421094383
quota_lru_resident_hit_first,8,40,21,774079,53881,720198,720198,128,720070,720190,720198,0,0.06960659054179225,6796641042432,0.0696065905417923
quota_lru_resident_hit_first,8,40,22,785935,52771,733164,733164,128,733036,733156,733164,0,0.06714422948462659,6919003570176,0.06714422948462662
quota_lru_resident_hit_first,8,40,23,785459,52776,732683,732683,128,732555,732675,732683,0,0.06719128560497747,6914464284672,0.06719128560497745
quota_lru_resident_hit_first,8,40,24,776115,52592,723523,723523,128,723395,723515,723523,0,0.06776315365635248,6828019679232,0.06776315365635244
quota_lru_resident_hit_first,8,40,25,761251,52392,708859,708859,128,708731,708851,708859,0,0.06882355491158633,6689632813056,0.06882355491158632
quota_lru_resident_hit_first,8,40,26,778850,52061,726789,726789,128,726661,726781,726789,0,0.06684342299544199,6858841522176,0.06684342299544199
quota_lru_resident_hit_first,8,40,27,786252,52369,733883,733883,128,733755,733875,733883,0,0.0666058719087519,6925788905472,0.06660587190875189
quota_lru_resident_hit_first,8,40,28,756158,56063,700095,700095,128,699967,700087,700095,0,0.07414191214005539,6606925332480,0.07414191214005539
quota_lru_resident_hit_first,8,40,29,771640,53197,718443,718443,128,718315,718435,718443,0,0.06894017935824996,6780078784512,0.06894017935824992
quota_lru_resident_hit_first,8,40,30,768942,53417,715525,715525,128,715397,715517,715525,0,0.06946817835415416,6752541081600,0.0694681783541542
quota_lru_resident_hit_first,8,40,31,779981,52199,727782,727782,128,727654,727774,727782,0,0.06692342505778986,6868212645888,0.06692342505778992
quota_lru_resident_hit_first,8,40,32,798364,52892,745472,745472,128,745344,745464,745472,0,0.06625048223617297,7035156430848,0.06625048223617303
quota_lru_resident_hit_first,8,40,33,785681,54111,731570,731570,128,731442,731562,731570,0,0.06887146310016407,6903960698880,0.06887146310016401
quota_lru_resident_hit_first,8,40,34,783716,52312,731404,731404,128,731276,731396,731404,0,0.06674866916076742,6902394126336,0.06674866916076738
quota_lru_resident_hit_first,8,40,35,794747,53477,741270,741270,128,741142,741262,741270,0,0.06728808035764841,6995501383680,0.06728808035764844
quota_lru_resident_hit_first,8,40,36,781106,53368,727738,727738,128,727610,727730,727738,0,0.06832363341211052,6867797409792,0.06832363341211056
quota_lru_resident_hit_first,8,40,37,768246,54277,713969,713969,128,713841,713961,713969,0,0.07065054683005183,6737856823296,0.07065054683005179
quota_lru_resident_hit_first,8,40,38,776922,52376,724546,724546,128,724418,724538,724546,0,0.06741474691153038,6837673918464,0.06741474691153038
quota_lru_resident_hit_first,8,40,39,783331,54270,729061,729061,128,728933,729053,729061,0,0.06928105743293704,6880282804224,0.069281057432937
quota_lru_resident_hit_first,8,40,40,764502,56271,708231,708231,128,708103,708223,708231,0,0.07360477801235314,6683706261504,0.0736047780123531
quota_lru_resident_hit_first,8,40,41,745064,54497,690567,690567,128,690439,690559,690567,0,0.0731440520545886,6517007843328,0.07314405205458863
quota_lru_resident_hit_first,8,40,42,737151,54806,682345,682345,127,682218,682337,682345,0,0.0743484035156976,6439415316480,0.0743484035156976
quota_lru_resident_hit_first,8,40,43,733987,51534,682453,682453,125,682328,682445,682453,0,0.07021105278431362,6440434532352,0.07021105278431361
quota_lru_resident_hit_first,8,40,44,739696,54398,685298,685298,126,685172,685290,685298,0,0.0735410222577924,6467283320832,0.07354102225779235
quota_lru_resident_hit_first,8,40,45,731526,53601,677925,677925,128,677797,677917,677925,0,0.07327285701396806,6397702963200,0.07327285701396802
quota_lru_resident_hit_first,8,40,46,752250,55477,696773,696773,126,696647,696765,696773,0,0.07374808906613493,6575575007232,0.07374808906613495
quota_lru_resident_hit_first,8,40,47,746547,56599,689948,689948,121,689827,689940,689948,0,0.07581438275152133,6511166226432,0.0758143827515213
quota_lru_miss_bypass,8,40,0,835525,50412,785113,785113,128,784985,0,8,785105,0.06033571706412136,7409255841792,0.06033571706412133
quota_lru_miss_bypass,8,40,1,833321,54538,778783,778783,128,778655,0,8,778775,0.06544656860921541,7349518467072,0.06544656860921538
quota_lru_miss_bypass,8,40,2,771712,53505,718207,718207,128,718079,0,8,718199,0.0693328599270194,6777851609088,0.06933285992701943
quota_lru_miss_bypass,8,40,3,812190,50301,761889,761889,128,761761,0,8,761881,0.061932552727809995,7190086680576,0.06193255272780995
quota_lru_miss_bypass,8,40,4,783878,58181,725697,725697,128,725569,0,8,725689,0.07422200903712058,6848536117248,0.07422200903712062
quota_lru_miss_bypass,8,40,5,789848,55245,734603,734603,128,734475,0,8,734595,0.06994383729527706,6932583677952,0.06994383729527709
quota_lru_miss_bypass,8,40,6,785541,58644,726897,726897,128,726769,0,8,726889,0.0746542828445619,6859860738048,0.07465428284456188
quota_lru_miss_bypass,8,40,7,785500,52801,732699,732699,128,732571,0,8,732691,0.06721960534691279,6914615279616,0.06721960534691285
quota_lru_miss_bypass,8,40,8,811106,57473,753633,753633,128,753505,0,8,753625,0.07085756978742606,7112173289472,0.07085756978742608
quota_lru_miss_bypass,8,40,9,792899,52289,740610,740610,128,740482,0,8,740602,0.0659466085844477,6989272842240,0.06594660858444767
quota_lru_miss_bypass,8,40,10,790926,55175,735751,735751,128,735623,0,8,735743,0.06976000283212336,6943417565184,0.06976000283212336
quota_lru_miss_bypass,8,40,11,802109,53726,748383,748383,128,748255,0,8,748375,0.06698092154557547,7062628073472,0.06698092154557544
quota_lru_miss_bypass,8,40,12,775408,49655,725753,725753,128,725625,0,8,725745,0.06403725522563605,6849064599552,0.06403725522563608
quota_lru_miss_bypass,8,40,13,765542,50446,715096,715096,128,714968,0,8,715088,0.06589579670351202,6748492529664,0.06589579670351198
quota_lru_miss_bypass,8,40,14,769261,59427,709834,709834,128,709706,0,8,709826,0.07725206399388504,6698834067456,0.07725206399388507
quota_lru_miss_bypass,8,40,15,783090,51231,731859,731859,128,731731,0,8,731851,0.06542159904991764,6906688045056,0.06542159904991762
quota_lru_miss_bypass,8,40,16,751494,49993,701501,701501,128,701373,0,8,701493,0.06652481590006042,6620194013184,0.06652481590006043
quota_lru_miss_bypass,8,40,17,735616,54683,680933,680933,128,680805,0,8,680925,0.07433633852444754,6426090012672,0.07433633852444754
quota_lru_miss_bypass,8,40,18,768731,59571,709160,709160,128,709032,0,8,709152,0.0774926469727382,6692473405440,0.07749264697273817
quota_lru_miss_bypass,8,40,19,780563,53078,727485,727485,128,727357,0,8,727477,0.06799963616005371,6865409802240,0.06799963616005367
quota_lru_miss_bypass,8,40,20,791661,58117,733544,733544,128,733416,0,8,733536,0.07341147284001612,6922589700096,0.07341147284001615
quota_lru_miss_bypass,8,40,21,774079,52786,721293,721293,128,721165,0,8,721285,0.06819200624225692,6806974758912,0.06819200624225696
quota_lru_miss_bypass,8,40,22,785935,54672,731263,731263,128,731135,0,8,731255,0.06956300457416963,6901063483392,0.06956300457416964
quota_lru_miss_bypass,8,40,23,785459,51369,734090,734090,128,733962,0,8,734082,0.06539997631957874,6927742402560,0.06539997631957872
quota_lru_miss_bypass,8,40,24,776115,56830,719285,719285,128,719157,0,8,719277,0.07322368463436475,6788024893440,0.0732236846343648
quota_lru_miss_bypass,8,40,25,761251,52011,709240,709240,128,709112,0,8,709232,0.06832306295820958,6693228380160,0.06832306295820956
quota_lru_miss_bypass,8,40,26,778850,58530,720320,720320,128,720192,0,8,720312,0.07514925852218014,6797792378880,0.07514925852218013
quota_lru_miss_bypass,8,40,27,786252,58611,727641,727641,128,727513,0,8,727633,0.07454480242975535,6866882002944,0.07454480242975536
quota_lru_miss_bypass,8,40,28,756158,45018,711140,711140,128,711012,0,8,711132,0.05953517651072924,6711159029760,0.05953517651072926
quota_lru_miss_bypass,8,40,29,771640,51807,719833,719833,128,719705,0,8,719825,0.06713882121196413,6793196470272,0.06713882121196413
quota_lru_miss_bypass,8,40,30,768942,52631,716311,716311,128,716183,0,8,716303,0.06844599462638275,6759958708224,0.06844599462638279
quota_lru_miss_bypass,8,40,31,779981,56352,723629,723629,128,723501,0,8,723621,0.07224791373123192,6829020020736,0.07224791373123196
quota_lru_miss_bypass,8,40,32,798364,58535,739829,739829,128,739701,0,8,739821,0.07331868671433081,6981902401536,0.07331868671433084
quota_lru_miss_bypass,8,40,33,785681,57472,728209,728209,128,728081,0,8,728201,0.07314928068770914,6872242323456,0.0731492806877091
quota_lru_miss_bypass,8,40,34,783716,58209,725507,725507,128,725379,0,8,725499,0.07427307851313486,6846743052288,0.0742730785131348
quota_lru_miss_bypass,8,40,35,794747,53697,741050,741050,128,740922,0,8,741042,0.06756489801156847,6993425203200,0.06756489801156851
quota_lru_miss_bypass,8,40,36,781106,49031,732075,732075,128,731947,0,8,732067,0.06277124999679941,6908726476800,0.0627712499967994
quota_lru_miss_bypass,8,40,37,768246,53597,714649,714649,128,714521,0,8,714641,0.06976541368259646,6744274108416,0.06976541368259648
quota_lru_miss_bypass,8,40,38,776922,55631,721291,721291,128,721163,0,8,721283,0.07160435667930629,6806955884544,0.07160435667930631
quota_lru_miss_bypass,8,40,39,783331,58312,725019,725019,128,724891,0,8,725011,0.07444107280319559,6842137706496,0.07444107280319556
quota_lru_miss_bypass,8,40,40,764502,52212,712290,712290,128,712162,0,8,712282,0.06829543938406962,6722011791360,0.06829543938406968
quota_lru_miss_bypass,8,40,41,745064,47619,697445,697445,128,697317,0,8,697437,0.06391263032437482,6581916794880,0.06391263032437478
quota_lru_miss_bypass,8,40,42,737151,57856,679295,679295,127,679168,0,8,679287,0.07848595470941504,6410631905280,0.078485954709415
quota_lru_miss_bypass,8,40,43,733987,53922,680065,680065,125,679940,0,8,680057,0.07346451640151665,6417898536960,0.07346451640151663
quota_lru_miss_bypass,8,40,44,739696,58199,681497,681497,126,681371,0,8,681489,0.0786796197356752,6431412584448,0.07867961973567517
quota_lru_miss_bypass,8,40,45,731526,52922,678604,678604,128,678476,0,8,678596,0.07234466034016562,6404110811136,0.07234466034016562
quota_lru_miss_bypass,8,40,46,752250,56789,695461,695461,126,695335,0,8,695453,0.07549219009637753,6563193421824,0.07549219009637753
quota_lru_miss_bypass,8,40,47,746547,47912,698635,698635,121,698514,0,8,698627,0.06417814283628492,6593147043840,0.06417814283628487
quota_lru_no_admission,8,40,0,835525,0,835525,835525,128,835397,0,0,835525,0.0,7885003161600,0.0
quota_lru_no_admission,8,40,1,833321,0,833321,833321,128,833193,0,0,833321,0.0,7864203608064,0.0
quota_lru_no_admission,8,40,2,771712,0,771712,771712,128,771584,0,0,771712,0.0,7282788139008,0.0
quota_lru_no_admission,8,40,3,812190,0,812190,812190,128,812062,0,0,812190,0.0,7664786472960,0.0
quota_lru_no_admission,8,40,4,783878,0,783878,783878,128,783750,0,0,783878,0.0,7397600919552,0.0
quota_lru_no_admission,8,40,5,789848,0,789848,789848,128,789720,0,0,789848,0.0,7453940908032,0.0
quota_lru_no_admission,8,40,6,785541,0,785541,785541,128,785413,0,0,785541,0.0,7413294956544,0.0
quota_lru_no_admission,8,40,7,785500,0,785500,785500,128,785372,0,0,785500,0.0,7412908032000,0.0
quota_lru_no_admission,8,40,8,811106,0,811106,811106,128,810978,0,0,811106,0.0,7654556565504,0.0
quota_lru_no_admission,8,40,9,792899,0,792899,792899,128,792771,0,0,792899,0.0,7482733756416,0.0
quota_lru_no_admission,8,40,10,790926,0,790926,790926,128,790798,0,0,790926,0.0,7464114192384,0.0
quota_lru_no_admission,8,40,11,802109,0,802109,802109,128,801981,0,0,802109,0.0,7569650221056,0.0
quota_lru_no_admission,8,40,12,775408,0,775408,775408,128,775280,0,0,775408,0.0,7317667971072,0.0
quota_lru_no_admission,8,40,13,765542,0,765542,765542,128,765414,0,0,765542,0.0,7224560713728,0.0
quota_lru_no_admission,8,40,14,769261,0,769261,769261,128,769133,0,0,769261,0.0,7259657601024,0.0
quota_lru_no_admission,8,40,15,783090,0,783090,783090,128,782962,0,0,783090,0.0,7390164418560,0.0
quota_lru_no_admission,8,40,16,751494,0,751494,751494,128,751366,0,0,751494,0.0,7091987152896,0.0
quota_lru_no_admission,8,40,17,735616,0,735616,735616,128,735488,0,0,735616,0.0,6942143545344,0.0
quota_lru_no_admission,8,40,18,768731,0,768731,768731,128,768603,0,0,768731,0.0,7254655893504,0.0
quota_lru_no_admission,8,40,19,780563,0,780563,780563,128,780435,0,0,780563,0.0,7366316654592,0.0
quota_lru_no_admission,8,40,20,791661,0,791661,791661,128,791533,0,0,791661,0.0,7471050522624,0.0
quota_lru_no_admission,8,40,21,774079,0,774079,774079,128,773951,0,0,774079,0.0,7305125953536,0.0
quota_lru_no_admission,8,40,22,785935,0,785935,785935,128,785807,0,0,785935,0.0,7417013207040,0.0
quota_lru_no_admission,8,40,23,785459,0,785459,785459,128,785331,0,0,785459,0.0,7412521107456,0.0
quota_lru_no_admission,8,40,24,776115,0,776115,776115,128,775987,0,0,776115,0.0,7324340060160,0.0
quota_lru_no_admission,8,40,25,761251,0,761251,761251,128,761123,0,0,761251,0.0,7184065757184,0.0
quota_lru_no_admission,8,40,26,778850,0,778850,778850,128,778722,0,0,778850,0.0,7350150758400,0.0
quota_lru_no_admission,8,40,27,786252,0,786252,786252,128,786124,0,0,786252,0.0,7420004794368,0.0
quota_lru_no_admission,8,40,28,756158,0,756158,756158,128,756030,0,0,756158,0.0,7136002179072,0.0
quota_lru_no_admission,8,40,29,771640,0,771640,771640,128,771512,0,0,771640,0.0,7282108661760,0.0
quota_lru_no_admission,8,40,30,768942,0,768942,768942,128,768814,0,0,768942,0.0,7256647139328,0.0
quota_lru_no_admission,8,40,31,779981,0,779981,779981,128,779853,0,0,779981,0.0,7360824213504,0.0
quota_lru_no_admission,8,40,32,798364,0,798364,798364,128,798236,0,0,798364,0.0,7534307966976,0.0
quota_lru_no_admission,8,40,33,785681,0,785681,785681,128,785553,0,0,785681,0.0,7414616162304,0.0
quota_lru_no_admission,8,40,34,783716,0,783716,783716,128,783588,0,0,783716,0.0,7396072095744,0.0
quota_lru_no_admission,8,40,35,794747,0,794747,794747,128,794619,0,0,794747,0.0,7500173672448,0.0
quota_lru_no_admission,8,40,36,781106,0,781106,781106,128,780978,0,0,781106,0.0,7371441045504,0.0
quota_lru_no_admission,8,40,37,768246,0,768246,768246,128,768118,0,0,768246,0.0,7250078859264,0.0
quota_lru_no_admission,8,40,38,776922,0,776922,776922,128,776794,0,0,776922,0.0,7331955867648,0.0
quota_lru_no_admission,8,40,39,783331,0,783331,783331,128,783203,0,0,783331,0.0,7392438779904,0.0
quota_lru_no_admission,8,40,40,764502,0,764502,764502,128,764374,0,0,764502,0.0,7214746042368,0.0
quota_lru_no_admission,8,40,41,745064,0,745064,745064,128,744936,0,0,745064,0.0,7031306059776,0.0
quota_lru_no_admission,8,40,42,737151,0,737151,737151,127,737024,0,0,737151,0.0,6956629622784,0.0
quota_lru_no_admission,8,40,43,733987,0,733987,733987,125,733862,0,0,733987,0.0,6926770372608,0.0
quota_lru_no_admission,8,40,44,739696,0,739696,739696,126,739570,0,0,739696,0.0,6980647256064,0.0
quota_lru_no_admission,8,40,45,731526,0,731526,731526,128,731398,0,0,731526,0.0,6903545462784,0.0
quota_lru_no_admission,8,40,46,752250,0,752250,752250,126,752124,0,0,752250,0.0,7099121664000,0.0
quota_lru_no_admission,8,40,47,746547,0,746547,746547,121,746426,0,0,746547,0.0,7045301403648,0.0
quota_lru_window_frequency,8,40,0,835525,0,835525,835525,128,835397,833806,833814,1711,0.0,7885003161600,0.0
quota_lru_window_frequency,8,40,1,833321,0,833321,833321,128,833193,831523,831531,1790,0.0,7864203608064,0.0
quota_lru_window_frequency,8,40,2,771712,0,771712,771712,128,771584,767380,767388,4324,0.0,7282788139008,0.0
quota_lru_window_frequency,8,40,3,812190,0,812190,812190,128,812062,810117,810125,2065,0.0,7664786472960,0.0
quota_lru_window_frequency,8,40,4,783878,0,783878,783878,128,783750,780141,780149,3729,0.0,7397600919552,0.0
quota_lru_window_frequency,8,40,5,789848,0,789848,789848,128,789720,786324,786332,3516,0.0,7453940908032,0.0
quota_lru_window_frequency,8,40,6,785541,0,785541,785541,128,785413,781321,781329,4212,0.0,7413294956544,0.0
quota_lru_window_frequency,8,40,7,785500,0,785500,785500,128,785372,780808,780816,4684,0.0,7412908032000,0.0
quota_lru_window_frequency,8,40,8,811106,0,811106,811106,128,810978,807728,807736,3370,0.0,7654556565504,0.0
quota_lru_window_frequency,8,40,9,792899,0,792899,792899,128,792771,789146,789154,3745,0.0,7482733756416,0.0
quota_lru_window_frequency,8,40,10,790926,0,790926,790926,128,790798,786650,786658,4268,0.0,7464114192384,0.0
quota_lru_window_frequency,8,40,11,802109,0,802109,802109,128,801981,798656,798664,3445,0.0,7569650221056,0.0
quota_lru_window_frequency,8,40,12,775408,0,775408,775408,128,775280,770901,770909,4499,0.0,7317667971072,0.0
quota_lru_window_frequency,8,40,13,765542,0,765542,765542,128,765414,760860,760868,4674,0.0,7224560713728,0.0
quota_lru_window_frequency,8,40,14,769261,0,769261,769261,128,769133,764701,764709,4552,0.0,7259657601024,0.0
quota_lru_window_frequency,8,40,15,783090,0,783090,783090,128,782962,778638,778646,4444,0.0,7390164418560,0.0
quota_lru_window_frequency,8,40,16,751494,0,751494,751494,128,751366,745851,745859,5635,0.0,7091987152896,0.0
quota_lru_window_frequency,8,40,17,735616,0,735616,735616,128,735488,729326,729334,6282,0.0,6942143545344,0.0
quota_lru_window_frequency,8,40,18,768731,0,768731,768731,128,768603,763314,763322,5409,0.0,7254655893504,0.0
quota_lru_window_frequency,8,40,19,780563,0,780563,780563,128,780435,775594,775602,4961,0.0,7366316654592,0.0
quota_lru_window_frequency,8,40,20,791661,0,791661,791661,128,791533,787577,787585,4076,0.0,7471050522624,0.0
quota_lru_window_frequency,8,40,21,774079,0,774079,774079,128,773951,769121,769129,4950,0.0,7305125953536,0.0
quota_lru_window_frequency,8,40,22,785935,0,785935,785935,128,785807,781699,781707,4228,0.0,7417013207040,0.0
quota_lru_window_frequency,8,40,23,785459,0,785459,785459,128,785331,781488,781496,3963,0.0,7412521107456,0.0
quota_lru_window_frequency,8,40,24,776115,0,776115,776115,128,775987,771583,771591,4524,0.0,7324340060160,0.0
quota_lru_window_frequency,8,40,25,761251,0,761251,761251,128,761123,756276,756284,4967,0.0,7184065757184,0.0
quota_lru_window_frequency,8,40,26,778850,0,778850,778850,128,778722,774285,774293,4557,0.0,7350150758400,0.0
quota_lru_window_frequency,8,40,27,786252,0,786252,786252,128,786124,782161,782169,4083,0.0,7420004794368,0.0
quota_lru_window_frequency,8,40,28,756158,0,756158,756158,128,756030,750569,750577,5581,0.0,7136002179072,0.0
quota_lru_window_frequency,8,40,29,771640,0,771640,771640,128,771512,766563,766571,5069,0.0,7282108661760,0.0
quota_lru_window_frequency,8,40,30,768942,0,768942,768942,128,768814,763695,763703,5239,0.0,7256647139328,0.0
quota_lru_window_frequency,8,40,31,779981,0,779981,779981,128,779853,774603,774611,5370,0.0,7360824213504,0.0
quota_lru_window_frequency,8,40,32,798364,0,798364,798364,128,798236,794502,794510,3854,0.0,7534307966976,0.0
quota_lru_window_frequency,8,40,33,785681,0,785681,785681,128,785553,780984,780992,4689,0.0,7414616162304,0.0
quota_lru_window_frequency,8,40,34,783716,0,783716,783716,128,783588,779404,779412,4304,0.0,7396072095744,0.0
quota_lru_window_frequency,8,40,35,794747,0,794747,794747,128,794619,790981,790989,3758,0.0,7500173672448,0.0
quota_lru_window_frequency,8,40,36,781106,0,781106,781106,128,780978,776542,776550,4556,0.0,7371441045504,0.0
quota_lru_window_frequency,8,40,37,768246,0,768246,768246,128,768118,763593,763601,4645,0.0,7250078859264,0.0
quota_lru_window_frequency,8,40,38,776922,0,776922,776922,128,776794,772426,772434,4488,0.0,7331955867648,0.0
quota_lru_window_frequency,8,40,39,783331,0,783331,783331,128,783203,778788,778796,4535,0.0,7392438779904,0.0
quota_lru_window_frequency,8,40,40,764502,0,764502,764502,128,764374,759927,759935,4567,0.0,7214746042368,0.0
quota_lru_window_frequency,8,40,41,745064,0,745064,745064,128,744936,739702,739710,5354,0.0,7031306059776,0.0
quota_lru_window_frequency,8,40,42,737151,0,737151,737151,127,737024,731203,731211,5940,0.0,6956629622784,0.0
quota_lru_window_frequency,8,40,43,733987,0,733987,733987,125,733862,729119,729127,4860,0.0,6926770372608,0.0
quota_lru_window_frequency,8,40,44,739696,0,739696,739696,126,739570,735168,735176,4520,0.0,6980647256064,0.0
quota_lru_window_frequency,8,40,45,731526,0,731526,731526,128,731398,727249,727257,4269,0.0,6903545462784,0.0
quota_lru_window_frequency,8,40,46,752250,0,752250,752250,126,752124,748773,748781,3469,0.0,7099121664000,0.0
quota_lru_window_frequency,8,40,47,746547,0,746547,746547,121,746426,743524,743532,3015,0.0,7045301403648,0.0
quota_lru_random_order_seed731,8,40,0,835525,2439,833086,833086,128,832958,833078,833086,0,0.002919122707279854,7861985869824,0.0029191227072798975
quota_lru_random_order_seed731,8,40,1,833321,2266,831055,831055,128,830927,831047,831055,0,0.0027192402447556224,7842818949120,0.002719240244755672
quota_lru_random_order_seed731,8,40,2,771712,2584,769128,769128,128,769000,769120,769128,0,0.0033483994028860506,7258402455552,0.0033483994028860042
quota_lru_random_order_seed731,8,40,3,812190,2369,809821,809821,128,809693,809813,809821,0,0.0029168051810536944,7642429784064,0.002916805181053639
quota_lru_random_order_seed731,8,40,4,783878,2418,781460,781460,128,781332,781452,781460,0,0.0030846636849101517,7374781808640,0.003084663684910116
quota_lru_random_order_seed731,8,40,5,789848,2521,787327,787327,128,787199,787319,787327,0,0.003191753350011648,7430149767168,0.00319175335001165
quota_lru_random_order_seed731,8,40,6,785541,2595,782946,782946,128,782818,782938,782946,0,0.003303455834895951,7388805464064,0.0033034558348959964
quota_lru_random_order_seed731,8,40,7,785500,2578,782922,782922,128,782794,782914,782922,0,0.0032819859961807766,7388578971648,0.003281985996180792
quota_lru_random_order_seed731,8,40,8,811106,2466,808640,808640,128,808512,808632,808640,0,0.0030402931306142476,7631284469760,0.003040293130614269
quota_lru_random_order_seed731,8,40,9,792899,2478,790421,790421,128,790293,790413,790421,0,0.003125240415235736,7459348414464,0.003125240415235764
quota_lru_random_order_seed731,8,40,10,790926,2526,788400,788400,128,788272,788392,788400,0,0.0031937248238141118,7440275865600,0.0031937248238140814
quota_lru_random_order_seed731,8,40,11,802109,2451,799658,799658,128,799530,799650,799658,0,0.0030556944255705895,7546519683072,0.003055694425570632
quota_lru_random_order_seed731,8,40,12,775408,2448,772960,772960,128,772832,772952,772960,0,0.0031570476445948454,7294565744640,0.0031570476445947904
quota_lru_random_order_seed731,8,40,13,765542,2548,762994,762994,128,762866,762986,762994,0,0.0033283608214833412,7200514768896,0.003328360821483356
quota_lru_random_order_seed731,8,40,14,769261,2582,766679,766679,128,766551,766671,766679,0,0.0033564680908040314,7235290791936,0.0033564680908040323
quota_lru_random_order_seed731,8,40,15,783090,2419,780671,780671,128,780543,780663,780671,0,0.003089044681965036,7367335870464,0.0030890446819650252
quota_lru_random_order_seed731,8,40,16,751494,2527,748967,748967,128,748839,748959,748967,0,0.003362634964484081,7068139388928,0.003362634964484079
quota_lru_random_order_seed731,8,40,17,735616,2620,732996,732996,128,732868,732988,732996,0,0.003561640856098834,6917418123264,0.00356164085609878
quota_lru_random_order_seed731,8,40,18,768731,2503,766228,766228,128,766100,766220,766228,0,0.0032560154332269674,7231034621952,0.0032560154332269553
quota_lru_random_order_seed731,8,40,19,780563,2551,778012,778012,128,777884,778004,778012,0,0.0032681538837992575,7342242398208,0.0032681538837993074
quota_lru_random_order_seed731,8,40,20,791661,2385,789276,789276,128,789148,789268,789276,0,0.003012653143201446,7448542838784,0.003012653143201427
quota_lru_random_order_seed731,8,40,21,774079,2508,771571,771571,128,771443,771563,771571,0,0.0032399793819493875,7281457496064,0.0032399793819494205
quota_lru_random_order_seed731,8,40,22,785935,2452,783483,783483,128,783355,783475,783483,0,0.003119850878253291,7393873231872,0.003119850878253283
quota_lru_random_order_seed731,8,40,23,785459,2408,783051,783051,128,782923,783043,783051,0,0.003065723354115237,7389796368384,0.0030657233541152573
quota_lru_random_order_seed731,8,40,24,776115,2513,773602,773602,128,773474,773594,773602,0,0.0032379222151356435,7300624416768,0.0032379222151356357
quota_lru_random_order_seed731,8,40,25,761251,2432,758819,758819,128,758691,758811,758819,0,0.003194741287696174,7161114525696,0.0031947412876961456
quota_lru_random_order_seed731,8,40,26,778850,2502,776348,776348,128,776220,776340,776348,0,0.003212428580599602,7326538924032,0.003212428580599558
quota_lru_random_order_seed731,8,40,27,786252,2563,783689,783689,128,783561,783681,783689,0,0.003259769132542747,7395817291776,0.003259769132542778
quota_lru_random_order_seed731,8,40,28,756158,2718,753440,753440,128,753312,753432,753440,0,0.0035944868665014453,7110351912960,0.003594486866501434
quota_lru_random_order_seed731,8,40,29,771640,2565,769075,769075,128,768947,769067,769075,0,0.0033240889533979576,7257902284800,0.0033240889533979745
quota_lru_random_order_seed731,8,40,30,768942,2546,766396,766396,128,766268,766388,766396,0,0.0033110429655292596,7232620068864,0.0033110429655293094
quota_lru_random_order_seed731,8,40,31,779981,2520,777461,777461,128,777333,777453,777461,0,0.0032308479309111375,7337042509824,0.003230847930911107
quota_lru_random_order_seed731,8,40,32,798364,2443,795921,795921,128,795793,795913,795921,0,0.0030600077157787674,7511252926464,0.0030600077157787453
quota_lru_random_order_seed731,8,40,33,785681,2512,783169,783169,128,783041,783161,783169,0,0.0031972263552255942,7390909956096,0.0031972263552255686
quota_lru_random_order_seed731,8,40,34,783716,2390,781326,781326,128,781198,781318,781326,0,0.003049574080406678,7373517225984,0.003049574080406625
quota_lru_random_order_seed731,8,40,35,794747,2448,792299,792299,128,792171,792291,792299,0,0.003080225530892221,7477071446016,0.0030802255308922666
quota_lru_random_order_seed731,8,40,36,781106,2472,778634,778634,128,778506,778626,778634,0,0.0031647433254897543,7348112326656,0.0031647433254897717
quota_lru_random_order_seed731,8,40,37,768246,2561,765685,765685,128,765557,765677,765685,0,0.0033335676332841304,7225910231040,0.0033335676332841846
quota_lru_random_order_seed731,8,40,38,776922,2482,774440,774440,128,774312,774432,774440,0,0.003194657893585199,7308532776960,0.0031946578935851955
quota_lru_random_order_seed731,8,40,39,783331,2453,780878,780878,128,780750,780870,780878,0,0.0031314986895705646,7369289367552,0.003131498689570522
quota_lru_random_order_seed731,8,40,40,764502,2553,761949,761949,128,761821,761941,761949,0,0.0033394288046336047,7190652911616,0.0033394288046335596
quota_lru_random_order_seed731,8,40,41,745064,2671,742393,742393,128,742265,742385,742393,0,0.0035849269324514403,7006099341312,0.003584926932451493
quota_lru_random_order_seed731,8,40,42,737151,2662,734489,734489,127,734362,734481,734489,0,0.0036112004189101012,6931507838976,0.0036112004189100544
quota_lru_random_order_seed731,8,40,43,733987,2637,731350,731350,125,731225,731342,731350,0,0.003592706682815908,6901884518400,0.0035927066828158605
quota_lru_random_order_seed731,8,40,44,739696,2753,736943,736943,126,736817,736935,736943,0,0.0037217992256278255,6954666688512,0.0037217992256278754
quota_lru_random_order_seed731,8,40,45,731526,2646,728880,728880,128,728752,728872,728880,0,0.0036170963164672207,6878574673920,0.0036170963164672276
quota_lru_random_order_seed731,8,40,46,752250,2640,749610,749610,126,749484,749602,749610,0,0.0035094715852442672,7074207498240,0.0035094715852442837
quota_lru_random_order_seed731,8,40,47,746547,2549,743998,743998,121,743877,743990,743998,0,0.0034143865021224384,7021246021632,0.003414386502122446
quota_lru_random_order_seed732,8,40,0,835525,2390,833135,833135,128,833007,833127,833135,0,0.0028604769456329854,7862448291840,0.0028604769456329615
quota_lru_random_order_seed732,8,40,1,833321,2392,830929,830929,128,830801,830921,830929,0,0.002870442482548742,7841629863936,0.002870442482548752
quota_lru_random_order_seed732,8,40,2,771712,2430,769282,769282,128,769154,769274,769282,0,0.0031488430917233374,7259855781888,0.0031488430917233634
quota_lru_random_order_seed732,8,40,3,812190,2453,809737,809737,128,809609,809729,809737,0,0.0030202292567010182,7641637060608,0.003020229256700979
quota_lru_random_order_seed732,8,40,4,783878,2415,781463,781463,128,781335,781455,781463,0,0.0030808365587502136,7374810120192,0.003080836558750244
quota_lru_random_order_seed732,8,40,5,789848,2410,787438,787438,128,787310,787430,787438,0,0.0030512199815660736,7431197294592,0.0030512199815661
quota_lru_random_order_seed732,8,40,6,785541,2505,783036,783036,128,782908,783028,783036,0,0.0031888851122984035,7389654810624,0.003188885112298423
quota_lru_random_order_seed732,8,40,7,785500,2518,782982,782982,128,782854,782974,782982,0,0.00320560152768937,7389145202688,0.003205601527689339
quota_lru_random_order_seed732,8,40,8,811106,2492,808614,808614,128,808486,808606,808614,0,0.0030723481271251844,7631039102976,0.0030723481271252018
quota_lru_random_order_seed732,8,40,9,792899,2484,790415,790415,128,790287,790407,790415,0,0.0031328075833113676,7459291791360,0.003132807583311359
quota_lru_random_order_seed732,8,40,10,790926,2422,788504,788504,128,788376,788496,788504,0,0.003062233382136888,7441257332736,0.0030622333821368475
quota_lru_random_order_seed732,8,40,11,802109,2395,799714,799714,128,799586,799706,799714,0,0.002985878477862734,7547048165376,0.0029858784778626912
quota_lru_random_order_seed732,8,40,12,775408,2496,772912,772912,128,772784,772904,772912,0,0.003218950539586901,7294112759808,0.0032189505395868734
quota_lru_random_order_seed732,8,40,13,765542,2454,763088,763088,128,762960,763080,763088,0,0.0032055719999686495,7201401864192,0.003205571999968626
quota_lru_random_order_seed732,8,40,14,769261,2625,766636,766636,128,766508,766628,766636,0,0.003412365894020365,7234884993024,0.003412365894020386
quota_lru_random_order_seed732,8,40,15,783090,2526,780564,780564,128,780436,780556,780564,0,0.0032256828717005708,7366326091776,0.0032256828717005526
quota_lru_random_order_seed732,8,40,16,751494,2612,748882,748882,128,748754,748874,748882,0,0.0034757429866372853,7067337228288,0.0034757429866373313
quota_lru_random_order_seed732,8,40,17,735616,2694,732922,732922,128,732794,732914,732922,0,0.0036622368192100224,6916719771648,0.003662236819210074
quota_lru_random_order_seed732,8,40,18,768731,2577,766154,766154,128,766026,766146,766154,0,0.0033522779750003577,7230336270336,0.003352277975000373
quota_lru_random_order_seed732,8,40,19,780563,2550,778013,778013,128,777885,778005,778013,0,0.0032668727572277957,7342251835392,0.0032668727572278122
quota_lru_random_order_seed732,8,40,20,791661,2381,789280,789280,128,789152,789272,789280,0,0.003007600475456035,7448580587520,0.003007600475456007
quota_lru_random_order_seed732,8,40,21,774079,2469,771610,771610,128,771482,771602,771610,0,0.00318959692744539,7281825546240,0.0031895969274453595
quota_lru_random_order_seed732,8,40,22,785935,2462,783473,783473,128,783345,783465,783473,0,0.0031325745767779778,7393778860032,0.003132574576777958
quota_lru_random_order_seed732,8,40,23,785459,2503,782956,782956,128,782828,782948,782956,0,0.0031866717422551656,7388899835904,0.003186671742255176
quota_lru_random_order_seed732,8,40,24,776115,2484,773631,773631,128,773503,773623,773631,0,0.003200556618542355,7300898095104,0.0032005566185423495
quota_lru_random_order_seed732,8,40,25,761251,2581,758670,758670,128,758542,758662,758670,0,0.0033904717366545333,7159708385280,0.003390471736654521
quota_lru_random_order_seed732,8,40,26,778850,2471,776379,776379,128,776251,776371,776379,0,0.003172626308018232,7326831476736,0.0031726263080181782
quota_lru_random_order_seed732,8,40,27,786252,2461,783791,783791,128,783663,783783,783791,0,0.003130039732808311,7396779884544,0.003130039732808343
quota_lru_random_order_seed732,8,40,28,756158,2612,753546,753546,128,753418,753538,753546,0,0.003454304523657754,7111352254464,0.003454304523657803
quota_lru_random_order_seed732,8,40,29,771640,2520,769120,769120,128,768992,769112,769120,0,0.0032657716033383443,7258326958080,0.0032657716033382966
quota_lru_random_order_seed732,8,40,30,768942,2513,766429,766429,128,766301,766421,766429,0,0.0032681268548213,7232931495936,0.0032681268548212516
quota_lru_random_order_seed732,8,40,31,779981,2569,777412,777412,128,777284,777404,777412,0,0.0032936699740121877,7336580087808,0.0032936699740121478
quota_lru_random_order_seed732,8,40,32,798364,2450,795914,795914,128,795786,795906,795914,0,0.003068775646196472,7511186866176,0.0030687756461964533
quota_lru_random_order_seed732,8,40,33,785681,2534,783147,783147,128,783019,783139,783147,0,0.0032252275414576654,7390702338048,0.003225227541457709
quota_lru_random_order_seed732,8,40,34,783716,2497,781219,781219,128,781091,781211,781219,0,0.0031861031291947595,7372507447296,0.0031861031291947617
quota_lru_random_order_seed732,8,40,35,794747,2433,792314,792314,128,792186,792306,792314,0,0.0030613515999431263,7477213003776,0.0030613515999431407
quota_lru_random_order_seed732,8,40,36,781106,2428,778678,778678,128,778550,778670,778678,0,0.0031084129426735938,7348527562752,0.0031084129426736107
quota_lru_random_order_seed732,8,40,37,768246,2515,765731,765731,128,765603,765723,765731,0,0.003273690979191561,7226344341504,0.0032736909791916124
quota_lru_random_order_seed732,8,40,38,776922,2474,774448,774448,128,774320,774440,774448,0,0.0031843608496090986,7308608274432,0.003184360849609047
quota_lru_random_order_seed732,8,40,39,783331,2493,780838,780838,128,780710,780830,780838,0,0.003182562671463277,7368911880192,0.0031825626714633293
quota_lru_random_order_seed732,8,40,40,764502,2580,761922,761922,128,761794,761914,761922,0,0.003374745913025734,7190398107648,0.0033747459130257784
quota_lru_random_order_seed732,8,40,41,745064,2604,742460,742460,128,742332,742452,742460,0,0.003495001771659884,7006731632640,0.0034950017716598447
quota_lru_random_order_seed732,8,40,42,737151,2629,734522,734522,127,734395,734514,734522,0,0.0035664334715682405,6931819266048,0.0035664334715682644
quota_lru_random_order_seed732,8,40,43,733987,2702,731285,731285,125,731160,731277,731285,0,0.0036812641095823224,6901271101440,0.0036812641095823606
quota_lru_random_order_seed732,8,40,44,739696,2651,737045,737045,126,736919,737037,737045,0,0.0035839047392442302,6955629281280,0.0035839047392441925
quota_lru_random_order_seed732,8,40,45,731526,2674,728852,728852,128,728724,728844,728852,0,0.003655372467964228,6878310432768,0.003655372467964213
quota_lru_random_order_seed732,8,40,46,752250,2638,749612,749612,126,749486,749604,749612,0,0.003506812894649385,7074226372608,0.0035068128946493804
quota_lru_random_order_seed732,8,40,47,746547,2573,743974,743974,121,743853,743966,743974,0,0.003446534511557879,7021019529216,0.0034465345115578527
quota_lru_random_order_seed733,8,40,0,835525,2317,833208,833208,128,833080,833200,833208,0,0.002773106729301936,7863137206272,0.0027731067293019773
quota_lru_random_order_seed733,8,40,1,833321,2373,830948,830948,128,830820,830940,830948,0,0.0028476421451037476,7841809170432,0.0028476421451038014
quota_lru_random_order_seed733,8,40,2,771712,2520,769192,769192,128,769064,769184,769192,0,0.0032654669099353127,7259006435328,0.003265466909935344
quota_lru_random_order_seed733,8,40,3,812190,2396,809794,809794,128,809666,809786,809794,0,0.002950048633940334,7642174980096,0.0029500486339403276
quota_lru_random_order_seed733,8,40,4,783878,2528,781350,781350,128,781222,781342,781350,0,0.003224991644107884,7373743718400,0.003224991644107833
quota_lru_random_order_seed733,8,40,5,789848,2547,787301,787301,128,787173,787293,787301,0,0.0032246710759538545,7429904400384,0.003224671075953811
quota_lru_random_order_seed733,8,40,6,785541,2559,782982,782982,128,782854,782974,782982,0,0.0032576275458569316,7389145202688,0.0032576275458569004
quota_lru_random_order_seed733,8,40,7,785500,2517,782983,782983,128,782855,782975,782983,0,0.003204328453214513,7389154639872,0.0032043284532145
quota_lru_random_order_seed733,8,40,8,811106,2473,808633,808633,128,808505,808625,808633,0,0.0030489233219825767,7631218409472,0.0030489233219825884
quota_lru_random_order_seed733,8,40,9,792899,2540,790359,790359,128,790231,790351,790359,0,0.0032034344853505933,7458763309056,0.0032034344853505425
quota_lru_random_order_seed733,8,40,10,790926,2509,788417,788417,128,788289,788409,788417,0,0.003172231030463027,7440436297728,0.0031722310304630463
quota_lru_random_order_seed733,8,40,11,802109,2477,799632,799632,128,799504,799624,799632,0,0.0030881089727206653,7546274316288,0.0030881089727207156
quota_lru_random_order_seed733,8,40,12,775408,2576,772832,772832,128,772704,772824,772832,0,0.003322122031240328,7293357785088,0.003322122031240382
quota_lru_random_order_seed733,8,40,13,765542,2480,763062,763062,128,762934,763054,763062,0,0.00323953486549399,7201156497408,0.003239534865493998
quota_lru_random_order_seed733,8,40,14,769261,2494,766767,766767,128,766639,766759,766767,0,0.003242072586547349,7236121264128,0.0032420725865472955
quota_lru_random_order_seed733,8,40,15,783090,2485,780605,780605,128,780477,780597,780605,0,0.0031733261821757395,7366713016320,0.0031733261821756953
quota_lru_random_order_seed733,8,40,16,751494,2658,748836,748836,128,748708,748828,748836,0,0.003536954386861372,7066903117824,0.003536954386861413
quota_lru_random_order_seed733,8,40,17,735616,2615,733001,733001,128,732873,732993,733001,0,0.0035548438315642942,6917465309184,0.003554843831564347
quota_lru_random_order_seed733,8,40,18,768731,2570,766161,766161,128,766033,766153,766161,0,0.0033431720588866587,7230402330624,0.0033431720588866787
quota_lru_random_order_seed733,8,40,19,780563,2532,778031,778031,128,777903,778023,778031,0,0.003243812478941482,7342421704704,0.0032438124789414546
quota_lru_random_order_seed733,8,40,20,791661,2468,789193,789193,128,789065,789185,789193,0,0.003117495998918729,7447759552512,0.003117495998918751
quota_lru_random_order_seed733,8,40,21,774079,2471,771608,771608,128,771480,771600,771608,0,0.0031921806430609797,7281806671872,0.0031921806430609267
quota_lru_random_order_seed733,8,40,22,785935,2521,783414,783414,128,783286,783406,783414,0,0.003207644398073632,7393222066176,0.003207644398073639
quota_lru_random_order_seed733,8,40,23,785459,2377,783082,783082,128,782954,783074,783082,0,0.0030262559853537867,7390088921088,0.0030262559853537763
quota_lru_random_order_seed733,8,40,24,776115,2329,773786,773786,128,773658,773778,773786,0,0.003000843947095469,7302360858624,0.003000843947095433
quota_lru_random_order_seed733,8,40,25,761251,2557,758694,758694,128,758566,758686,758694,0,0.003358944684473321,7159934877696,0.003358944684473286
quota_lru_random_order_seed733,8,40,26,778850,2524,776326,776326,128,776198,776318,776326,0,0.0032406753546896064,7326331305984,0.003240675354689637
quota_lru_random_order_seed733,8,40,27,786252,2494,783758,783758,128,783630,783750,783758,0,0.003172011009192981,7396468457472,0.0031720110091929543
quota_lru_random_order_seed733,8,40,28,756158,2601,753557,753557,128,753429,753549,753557,0,0.0034397572994003898,7111456063488,0.003439757299400381
quota_lru_random_order_seed733,8,40,29,771640,2489,769151,769151,128,769023,769143,769151,0,0.0032255974288528328,7258619510784,0.0032255974288528666
quota_lru_random_order_seed733,8,40,30,768942,2528,766414,766414,128,766286,766406,766414,0,0.0032876341778703727,7232789938176,0.003287634177870369
quota_lru_random_order_seed733,8,40,31,779981,2523,777458,777458,128,777330,777450,777458,0,0.0032346941784479367,7337014198272,0.0032346941784479055
quota_lru_random_order_seed733,8,40,32,798364,2481,795883,795883,128,795755,795875,795883,0,0.003107605052332019,7510894313472,0.0031076050523319854
quota_lru_random_order_seed733,8,40,33,785681,2513,783168,783168,128,783040,783160,783168,0,0.003198499136417961,7390900518912,0.0031984991364180093
quota_lru_random_order_seed733,8,40,34,783716,2426,781290,781290,128,781162,781282,781290,0,0.003095509087475565,7373177487360,0.0030955090874755786
quota_lru_random_order_seed733,8,40,35,794747,2493,792254,792254,128,792126,792246,792254,0,0.0031368473237395047,7476646772736,0.0031368473237395333
quota_lru_random_order_seed733,8,40,36,781106,2460,778646,778646,128,778518,778638,778646,0,0.0031493804938126195,7348225572864,0.003149380493812637
quota_lru_random_order_seed733,8,40,37,768246,2508,765738,765738,128,765610,765730,765738,0,0.003264579314438344,7226410401792,0.003264579314438354
quota_lru_random_order_seed733,8,40,38,776922,2561,774361,774361,128,774233,774353,774361,0,0.0032963412028491922,7307787239424,0.0032963412028491623
quota_lru_random_order_seed733,8,40,39,783331,2590,780741,780741,128,780613,780733,780741,0,0.0033063928275531033,7367996473344,0.003306392827553073
quota_lru_random_order_seed733,8,40,40,764502,2575,761927,761927,128,761799,761919,761927,0,0.003368205707767933,7190445293568,0.0033682057077679683
quota_lru_random_order_seed733,8,40,41,745064,2742,742322,742322,128,742194,742314,742322,0,0.0036802207595589102,7005429301248,0.003680220759558872
quota_lru_random_order_seed733,8,40,42,737151,2747,734404,734404,127,734277,734396,734404,0,0.0037265092226694396,6930705678336,0.003726509222669483
quota_lru_random_order_seed733,8,40,43,733987,2679,731308,731308,125,731183,731300,731308,0,0.0036499284047265142,6901488156672,0.0036499284047265546
quota_lru_random_order_seed733,8,40,44,739696,2639,737057,737057,126,736931,737049,737057,0,0.003567681858493219,6955742527488,0.00356768185849321
quota_lru_random_order_seed733,8,40,45,731526,2753,728773,728773,128,728645,728765,728773,0,0.003763365895402214,6877564895232,0.00376336589540216
quota_lru_random_order_seed733,8,40,46,752250,2655,749595,749595,126,749469,749587,749595,0,0.0035294117647058825,7074065940480,0.003529411764705892
quota_lru_random_order_seed733,8,40,47,746547,2649,743898,743898,121,743777,743890,743898,0,0.0035483365414367748,7020302303232,0.003548336541436825
permanent_k,32,40,0,835525,240102,595423,595423,96,595327,0,0,0,0.2873666257742138,5619116408832,0.2873666257742138
permanent_k,32,40,1,833321,241217,592104,592104,96,592008,0,0,0,0.28946468407732434,5587794395136,0.2894646840773244
permanent_k,32,40,2,771712,242096,529616,529616,96,529520,0,0,0,0.31371288770940453,4998083641344,0.31371288770940453
permanent_k,32,40,3,812190,241462,570728,570728,96,570632,0,0,0,0.29729743040421575,5386065149952,0.29729743040421575
permanent_k,32,40,4,783878,242076,541802,541802,96,541706,0,0,0,0.3088184640977295,5113085165568,0.3088184640977295
permanent_k,32,40,5,789848,242074,547774,547774,96,547678,0,0,0,0.30648175345129697,5169444028416,0.3064817534512969
permanent_k,32,40,6,785541,242153,543388,543388,96,543292,0,0,0,0.30826271321293225,5128052539392,0.3082627132129322
permanent_k,32,40,7,785500,240983,544517,544517,96,544421,0,0,0,0.3067893061744112,5138707120128,0.30678930617441125
permanent_k,32,40,8,811106,241558,569548,569548,96,569452,0,0,0,0.29781310950726536,5374929272832,0.29781310950726536
permanent_k,32,40,9,792899,241322,551577,551577,96,551481,0,0,0,0.3043540223912503,5205333639168,0.3043540223912503
permanent_k,32,40,10,790926,239896,551030,551030,96,550934,0,0,0,0.30331029704422413,5200171499520,0.3033102970442241
permanent_k,32,40,11,802109,240626,561483,561483,96,561387,0,0,0,0.2999916470205421,5298818383872,0.29999164702054204
permanent_k,32,40,12,775408,238293,537115,537115,96,537019,0,0,0,0.307313053257124,5068853084160,0.307313053257124
permanent_k,32,40,13,765542,242158,523384,523384,96,523288,0,0,0,0.3163222919186668,4939271110656,0.3163222919186668
permanent_k,32,40,14,769261,241653,527608,527608,96,527512,0,0,0,0.31413655443341076,4979133775872,0.3141365544334108
permanent_k,32,40,15,783090,241834,541256,541256,96,541160,0,0,0,0.3088201866962929,5107932463104,0.30882018669629285
permanent_k,32,40,16,751494,241157,510337,510337,96,510241,0,0,0,0.32090342704000296,4816144171008,0.32090342704000296
permanent_k,32,40,17,735616,242296,493320,493320,96,493224,0,0,0,0.32937837132416914,4655551610880,0.32937837132416914
permanent_k,32,40,18,768731,241471,527260,527260,96,527164,0,0,0,0.314116381413004,4975849635840,0.314116381413004
permanent_k,32,40,19,780563,242223,538340,538340,96,538244,0,0,0,0.3103183215192111,5080413634560,0.3103183215192111
permanent_k,32,40,20,791661,241709,549952,549952,96,549856,0,0,0,0.3053188170189008,5189998215168,0.30531881701890073
permanent_k,32,40,21,774079,241939,532140,532140,96,532044,0,0,0,0.3125507861600689,5021903093760,0.3125507861600689
permanent_k,32,40,22,785935,240654,545281,545281,96,545185,0,0,0,0.3062008944760063,5145917128704,0.3062008944760063
permanent_k,32,40,23,785459,241579,543880,543880,96,543784,0,0,0,0.3075641121942711,5132695633920,0.30756411219427116
permanent_k,32,40,24,776115,241361,534754,534754,96,534658,0,0,0,0.3109861296328508,5046571892736,0.31098612963285077
permanent_k,32,40,25,761251,242381,518870,518870,96,518774,0,0,0,0.3183982681139335,4896671662080,0.31839826811393346
permanent_k,32,40,26,778850,242122,536728,536728,96,536632,0,0,0,0.31087115619182126,5065200893952,0.31087115619182126
permanent_k,32,40,27,786252,242723,543529,543529,96,543433,0,0,0,0.30870891266413314,5129383182336,0.30870891266413314
permanent_k,32,40,28,756158,241744,514414,514414,96,514318,0,0,0,0.3197003800792956,4854619570176,0.3197003800792956
permanent_k,32,40,29,771640,242142,529498,529498,96,529402,0,0,0,0.3138017728474418,4996970053632,0.3138017728474418
permanent_k,32,40,30,768942,240863,528079,528079,96,527983,0,0,0,0.31323949010458524,4983578689536,0.3132394901045853
permanent_k,32,40,31,779981,242003,537978,537978,96,537882,0,0,0,0.3102678142159873,5076997373952,0.31026781421598726
permanent_k,32,40,32,798364,241385,556979,556979,96,556883,0,0,0,0.3023495548396471,5256313307136,0.3023495548396471
permanent_k,32,40,33,785681,241897,543784,543784,96,543688,0,0,0,0.3078819520899704,5131789664256,0.3078819520899704
permanent_k,32,40,34,783716,241300,542416,542416,96,542320,0,0,0,0.30789214460340225,5118879596544,0.3078921446034023
permanent_k,32,40,35,794747,241328,553419,553419,96,553323,0,0,0,0.3036538672055384,5222716932096,0.30365386720553833
permanent_k,32,40,36,781106,241273,539833,539833,96,539737,0,0,0,0.30888637393644397,5094503350272,0.3088863739364439
permanent_k,32,40,37,768246,241949,526297,526297,96,526201,0,0,0,0.31493688219658805,4966761627648,0.3149368821965881
permanent_k,32,40,38,776922,242079,534843,534843,96,534747,0,0,0,0.31158726358630595,5047411802112,0.31158726358630595
permanent_k,32,40,39,783331,241852,541479,541479,96,541383,0,0,0,0.3087481537179047,5110036955136,0.30874815371790465
permanent_k,32,40,40,764502,242344,522158,522158,96,522062,0,0,0,0.3169959005993444,4927701123072,0.31699590059934446
permanent_k,32,40,41,745064,242910,502154,502154,96,502058,0,0,0,0.32602568369965534,4738919694336,0.32602568369965534
permanent_k,32,40,42,737151,243111,494040,494040,95,493945,0,0,0,0.3297981010674882,4662346383360,0.3297981010674882
permanent_k,32,40,43,733987,243508,490479,490479,93,490386,0,0,0,0.33176064426209184,4628740571136,0.33176064426209184
permanent_k,32,40,44,739696,242810,496886,496886,94,496792,0,0,0,0.3282564729294197,4689204609024,0.3282564729294196
permanent_k,32,40,45,731526,244164,487362,487362,96,487266,0,0,0,0.3337735090755489,4599324868608,0.3337735090755489
permanent_k,32,40,46,752250,243578,508672,508672,94,508578,0,0,0,0.3237992688600864,4800431259648,0.32379926886008636
permanent_k,32,40,47,746547,243939,502608,502608,89,502519,0,0,0,0.3267563864029994,4743204175872,0.3267563864029994
quota_lru_k,32,40,0,835525,0,835525,835525,128,835397,835493,835525,0,0.0,7885003161600,0.0
quota_lru_k,32,40,1,833321,0,833321,833321,128,833193,833289,833321,0,0.0,7864203608064,0.0
quota_lru_k,32,40,2,771712,0,771712,771712,128,771584,771680,771712,0,0.0,7282788139008,0.0
quota_lru_k,32,40,3,812190,0,812190,812190,128,812062,812158,812190,0,0.0,7664786472960,0.0
quota_lru_k,32,40,4,783878,0,783878,783878,128,783750,783846,783878,0,0.0,7397600919552,0.0
quota_lru_k,32,40,5,789848,0,789848,789848,128,789720,789816,789848,0,0.0,7453940908032,0.0
quota_lru_k,32,40,6,785541,0,785541,785541,128,785413,785509,785541,0,0.0,7413294956544,0.0
quota_lru_k,32,40,7,785500,0,785500,785500,128,785372,785468,785500,0,0.0,7412908032000,0.0
quota_lru_k,32,40,8,811106,0,811106,811106,128,810978,811074,811106,0,0.0,7654556565504,0.0
quota_lru_k,32,40,9,792899,0,792899,792899,128,792771,792867,792899,0,0.0,7482733756416,0.0
quota_lru_k,32,40,10,790926,0,790926,790926,128,790798,790894,790926,0,0.0,7464114192384,0.0
quota_lru_k,32,40,11,802109,7,802102,802102,128,801974,802070,802102,0,8.726993463481896e-06,7569584160768,8.726993463437083e-06
quota_lru_k,32,40,12,775408,4,775404,775404,128,775276,775372,775404,0,5.158574582671316e-06,7317630222336,5.158574582719844e-06
quota_lru_k,32,40,13,765542,0,765542,765542,128,765414,765510,765542,0,0.0,7224560713728,0.0
quota_lru_k,32,40,14,769261,0,769261,769261,128,769133,769229,769261,0,0.0,7259657601024,0.0
quota_lru_k,32,40,15,783090,0,783090,783090,128,782962,783058,783090,0,0.0,7390164418560,0.0
quota_lru_k,32,40,16,751494,0,751494,751494,128,751366,751462,751494,0,0.0,7091987152896,0.0
quota_lru_k,32,40,17,735616,0,735616,735616,128,735488,735584,735616,0,0.0,6942143545344,0.0
quota_lru_k,32,40,18,768731,0,768731,768731,128,768603,768699,768731,0,0.0,7254655893504,0.0
quota_lru_k,32,40,19,780563,0,780563,780563,128,780435,780531,780563,0,0.0,7366316654592,0.0
quota_lru_k,32,40,20,791661,0,791661,791661,128,791533,791629,791661,0,0.0,7471050522624,0.0
quota_lru_k,32,40,21,774079,0,774079,774079,128,773951,774047,774079,0,0.0,7305125953536,0.0
quota_lru_k,32,40,22,785935,0,785935,785935,128,785807,785903,785935,0,0.0,7417013207040,0.0
quota_lru_k,32,40,23,785459,0,785459,785459,128,785331,785427,785459,0,0.0,7412521107456,0.0
quota_lru_k,32,40,24,776115,0,776115,776115,128,775987,776083,776115,0,0.0,7324340060160,0.0
quota_lru_k,32,40,25,761251,0,761251,761251,128,761123,761219,761251,0,0.0,7184065757184,0.0
quota_lru_k,32,40,26,778850,0,778850,778850,128,778722,778818,778850,0,0.0,7350150758400,0.0
quota_lru_k,32,40,27,786252,0,786252,786252,128,786124,786220,786252,0,0.0,7420004794368,0.0
quota_lru_k,32,40,28,756158,0,756158,756158,128,756030,756126,756158,0,0.0,7136002179072,0.0
quota_lru_k,32,40,29,771640,0,771640,771640,128,771512,771608,771640,0,0.0,7282108661760,0.0
quota_lru_k,32,40,30,768942,0,768942,768942,128,768814,768910,768942,0,0.0,7256647139328,0.0
quota_lru_k,32,40,31,779981,0,779981,779981,128,779853,779949,779981,0,0.0,7360824213504,0.0
quota_lru_k,32,40,32,798364,0,798364,798364,128,798236,798332,798364,0,0.0,7534307966976,0.0
quota_lru_k,32,40,33,785681,0,785681,785681,128,785553,785649,785681,0,0.0,7414616162304,0.0
quota_lru_k,32,40,34,783716,0,783716,783716,128,783588,783684,783716,0,0.0,7396072095744,0.0
quota_lru_k,32,40,35,794747,0,794747,794747,128,794619,794715,794747,0,0.0,7500173672448,0.0
quota_lru_k,32,40,36,781106,0,781106,781106,128,780978,781074,781106,0,0.0,7371441045504,0.0
quota_lru_k,32,40,37,768246,0,768246,768246,128,768118,768214,768246,0,0.0,7250078859264,0.0
quota_lru_k,32,40,38,776922,0,776922,776922,128,776794,776890,776922,0,0.0,7331955867648,0.0
quota_lru_k,32,40,39,783331,0,783331,783331,128,783203,783299,783331,0,0.0,7392438779904,0.0
quota_lru_k,32,40,40,764502,0,764502,764502,128,764374,764470,764502,0,0.0,7214746042368,0.0
quota_lru_k,32,40,41,745064,0,745064,745064,128,744936,745032,745064,0,0.0,7031306059776,0.0
quota_lru_k,32,40,42,737151,0,737151,737151,127,737024,737119,737151,0,0.0,6956629622784,0.0
quota_lru_k,32,40,43,733987,0,733987,733987,125,733862,733955,733987,0,0.0,6926770372608,0.0
quota_lru_k,32,40,44,739696,0,739696,739696,126,739570,739664,739696,0,0.0,6980647256064,0.0
quota_lru_k,32,40,45,731526,0,731526,731526,128,731398,731494,731526,0,0.0,6903545462784,0.0
quota_lru_k,32,40,46,752250,0,752250,752250,126,752124,752218,752250,0,0.0,7099121664000,0.0
quota_lru_k,32,40,47,746547,0,746547,746547,121,746426,746515,746547,0,0.0,7045301403648,0.0
quota_lru_resident_hit_first,32,40,0,835525,222764,612761,612761,128,612633,612729,612761,0,0.26661560096945036,5782738305024,0.26661560096945036
quota_lru_resident_hit_first,32,40,1,833321,220598,612723,612723,128,612595,612691,612723,0,0.2647215178784646,5782379692032,0.26472151787846465
quota_lru_resident_hit_first,32,40,2,771712,218478,553234,553234,128,553106,553202,553234,0,0.28310820617017746,5220971053056,0.2831082061701775
quota_lru_resident_hit_first,32,40,3,812190,218581,593609,593609,128,593481,593577,593609,0,0.2691254509412822,5601997357056,0.26912545094128226
quota_lru_resident_hit_first,32,40,4,783878,218207,565671,565671,128,565543,565639,565671,0,0.27836857266054155,5338341310464,0.2783685726605416
quota_lru_resident_hit_first,32,40,5,789848,222673,567175,567175,128,567047,567143,567175,0,0.28191879956649885,5352534835200,0.2819187995664989
quota_lru_resident_hit_first,32,40,6,785541,221499,564042,564042,128,563914,564010,564042,0,0.281970005384824,5322968137728,0.281970005384824
quota_lru_resident_hit_first,32,40,7,785500,219328,566172,566172,128,566044,566140,566172,0,0.27922087842138765,5343069339648,0.27922087842138765
quota_lru_resident_hit_first,32,40,8,811106,217188,593918,593918,128,593790,593886,593918,0,0.26776771470066796,5604913446912,0.26776771470066796
quota_lru_resident_hit_first,32,40,9,792899,219844,573055,573055,128,572927,573023,573055,0,0.27726608306984873,5408025477120,0.2772660830698488
quota_lru_resident_hit_first,32,40,10,790926,216561,574365,574365,128,574237,574333,574365,0,0.273806904817897,5420388188160,0.27380690481789705
quota_lru_resident_hit_first,32,40,11,802109,219395,582714,582714,128,582586,582682,582714,0,0.27352267584580153,5499179237376,0.2735226758458015
quota_lru_resident_hit_first,32,40,12,775408,213582,561826,561826,128,561698,561794,561826,0,0.27544466912902626,5302055337984,0.2754446691290263
quota_lru_resident_hit_first,32,40,13,765542,215132,550410,550410,128,550282,550378,550410,0,0.2810191994691343,5194320445440,0.28101919946913434
quota_lru_resident_hit_first,32,40,14,769261,213021,556240,556240,128,556112,556208,556240,0,0.27691641718480464,5249339228160,0.27691641718480464
quota_lru_resident_hit_first,32,40,15,783090,216436,566654,566654,128,566526,566622,566654,0,0.2763871330243012,5347618062336,0.2763871330243012
quota_lru_resident_hit_first,32,40,16,751494,220169,531325,531325,128,531197,531293,531325,0,0.29297506034645654,5014211788800,0.2929750603464565
quota_lru_resident_hit_first,32,40,17,735616,213391,522225,522225,128,522097,522193,522225,0,0.29008477248999476,4928333414400,0.29008477248999476
quota_lru_resident_hit_first,32,40,18,768731,217426,551305,551305,128,551177,551273,551305,0,0.2828375595624477,5202766725120,0.2828375595624477
quota_lru_resident_hit_first,32,40,19,780563,217424,563139,563139,128,563011,563107,563139,0,0.27854766367352796,5314446360576,0.2785476636735279
quota_lru_resident_hit_first,32,40,20,791661,215598,576063,576063,128,575935,576031,576063,0,0.2723362651437926,5436412526592,0.2723362651437926
quota_lru_resident_hit_first,32,40,21,774079,217612,556467,556467,128,556339,556435,556467,0,0.28112376126984456,5251481468928,0.2811237612698445
quota_lru_resident_hit_first,32,40,22,785935,214759,571176,571176,128,571048,571144,571176,0,0.2732528771463289,5390293008384,0.27325287714632884
quota_lru_resident_hit_first,32,40,23,785459,214230,571229,571229,128,571101,571197,571229,0,0.2727449809601774,5390793179136,0.2727449809601774
quota_lru_resident_hit_first,32,40,24,776115,213314,562801,562801,128,562673,562769,562801,0,0.2748484438517488,5311256592384,0.2748484438517488
quota_lru_resident_hit_first,32,40,25,761251,212684,548567,548567,128,548439,548535,548567,0,0.279387481921206,5176927715328,0.279387481921206
quota_lru_resident_hit_first,32,40,26,778850,214505,564345,564345,128,564217,564313,564345,0,0.2754124670989279,5325827604480,0.27541246709892786
quota_lru_resident_hit_first,32,40,27,786252,215009,571243,571243,128,571115,571211,571243,0,0.2734606716421707,5390925299712,0.2734606716421707
quota_lru_resident_hit_first,32,40,28,756158,217505,538653,538653,128,538525,538621,538653,0,0.28764491019072735,5083367473152,0.28764491019072735
quota_lru_resident_hit_first,32,40,29,771640,217666,553974,553974,128,553846,553942,553974,0,0.28208231817946194,5227954569216,0.28208231817946194
quota_lru_resident_hit_first,32,40,30,768942,218354,550588,550588,128,550460,550556,550588,0,0.2839668011371469,5196000264192,0.2839668011371469
quota_lru_resident_hit_first,32,40,31,779981,217603,562378,562378,128,562250,562346,562378,0,0.278985000916689,5307264663552,0.278985000916689
quota_lru_resident_hit_first,32,40,32,798364,215183,583181,583181,128,583053,583149,583181,0,0.269529938724692,5503586402304,0.269529938724692
quota_lru_resident_hit_first,32,40,33,785681,218743,566938,566938,128,566810,566906,566938,0,0.2784119763619077,5350298222592,0.27841197636190773
quota_lru_resident_hit_first,32,40,34,783716,215260,568456,568456,128,568328,568424,568456,0,0.2746658228235738,5364623867904,0.2746658228235739
quota_lru_resident_hit_first,32,40,35,794747,215625,579122,579122,128,578994,579090,579122,0,0.2713127573932333,5465280872448,0.27131275739323335
quota_lru_resident_hit_first,32,40,36,781106,215853,565253,565253,128,565125,565221,565253,0,0.2763427755003802,5334396567552,0.2763427755003802
quota_lru_resident_hit_first,32,40,37,768246,216604,551642,551642,128,551514,551610,551642,0,0.2819461474579757,5205947056128,0.28194614745797575
quota_lru_resident_hit_first,32,40,38,776922,215423,561499,561499,128,561371,561467,561499,0,0.2772775130579389,5298969378816,0.2772775130579389
quota_lru_resident_hit_first,32,40,39,783331,218923,564408,564408,128,564280,564376,564408,0,0.27947700269745485,5326422147072,0.2794770026974548
quota_lru_resident_hit_first,32,40,40,764502,219469,545033,545033,128,544905,545001,545033,0,0.2870744615449011,5143576707072,0.2870744615449011
quota_lru_resident_hit_first,32,40,41,745064,220063,525001,525001,128,524873,524969,525001,0,0.2953612038697347,4954531037184,0.29536120386973463
quota_lru_resident_hit_first,32,40,42,737151,214173,522978,522978,127,522851,522946,522978,0,0.29054155797116193,4935439613952,0.290541557971162
quota_lru_resident_hit_first,32,40,43,733987,218322,515665,515665,125,515540,515633,515665,0,0.29744668502303173,4866425487360,0.29744668502303173
quota_lru_resident_hit_first,32,40,44,739696,216698,522998,522998,126,522872,522966,522998,0,0.29295548441521924,4935628357632,0.29295548441521924
quota_lru_resident_hit_first,32,40,45,731526,211965,519561,519561,128,519433,519529,519561,0,0.28975730185940074,4903192756224,0.28975730185940074
quota_lru_resident_hit_first,32,40,46,752250,220164,532086,532086,126,531960,532054,532086,0,0.2926739780658026,5021393485824,0.29267397806580264
quota_lru_resident_hit_first,32,40,47,746547,216441,530106,530106,121,529985,530074,530106,0,0.28992280459234315,5002707861504,0.2899228045923431
quota_lru_miss_bypass,32,40,0,835525,205528,629997,629997,128,629869,0,32,629965,0.24598665509709464,5945397608448,0.2459866550970946
quota_lru_miss_bypass,32,40,1,833321,213474,619847,619847,128,619719,0,32,619815,0.25617259135435205,5849610190848,0.256172591354352
quota_lru_miss_bypass,32,40,2,771712,206922,564790,564790,128,564662,0,32,564758,0.26813370791175983,5330027151360,0.26813370791175983
quota_lru_miss_bypass,32,40,3,812190,219390,592800,592800,128,592672,0,32,592768,0.2701215232888856,5594362675200,0.2701215232888856
quota_lru_miss_bypass,32,40,4,783878,215156,568722,568722,128,568594,0,32,568690,0.2744763853558845,5367134158848,0.2744763853558845
quota_lru_miss_bypass,32,40,5,789848,207986,581862,581862,128,581734,0,32,581830,0.2633240826082993,5491138756608,0.2633240826082993
quota_lru_miss_bypass,32,40,6,785541,216148,569393,569393,128,569265,0,32,569361,0.2751581394223853,5373466509312,0.2751581394223853
quota_lru_miss_bypass,32,40,7,785500,219775,565725,565725,128,565597,0,32,565693,0.27978994271164864,5338850918400,0.2797899427116486
quota_lru_miss_bypass,32,40,8,811106,225789,585317,585317,128,585189,0,32,585285,0.27837175412338216,5523744227328,0.2783717541233821
quota_lru_miss_bypass,32,40,9,792899,215964,576935,576935,128,576807,0,32,576903,0.27237264771427383,5444641751040,0.27237264771427383
quota_lru_miss_bypass,32,40,10,790926,218826,572100,572100,128,571972,0,32,572068,0.2766706366967327,5399012966400,0.27667063669673264
quota_lru_miss_bypass,32,40,11,802109,224453,577656,577656,128,577528,0,32,577624,0.27982855197984313,5451445960704,0.27982855197984313
quota_lru_miss_bypass,32,40,12,775408,215004,560404,560404,128,560276,0,32,560372,0.2772785423931659,5288635662336,0.27727854239316596
quota_lru_miss_bypass,32,40,13,765542,212766,552776,552776,128,552648,0,32,552744,0.2779285787063283,5216648822784,0.27792857870632837
quota_lru_miss_bypass,32,40,14,769261,216464,552797,552797,128,552669,0,32,552765,0.2813921412888474,5216847003648,0.2813921412888474
quota_lru_miss_bypass,32,40,15,783090,219213,563877,563877,128,563749,0,32,563845,0.2799333409952879,5321411002368,0.2799333409952879
quota_lru_miss_bypass,32,40,16,751494,207272,544222,544222,128,544094,0,32,544190,0.27581324667928153,5135923150848,0.27581324667928153
quota_lru_miss_bypass,32,40,17,735616,222152,513464,513464,128,513336,0,32,513432,0.30199451887941536,4845654245376,0.3019945188794153
quota_lru_miss_bypass,32,40,18,768731,227293,541438,541438,128,541310,0,32,541406,0.2956729987472861,5109650030592,0.29567299874728614
quota_lru_miss_bypass,32,40,19,780563,220278,560285,560285,128,560157,0,32,560253,0.28220399890848014,5287512637440,0.28220399890848014
quota_lru_miss_bypass,32,40,20,791661,218984,572677,572677,128,572549,0,32,572645,0.27661334839028323,5404458221568,0.2766133483902832
quota_lru_miss_bypass,32,40,21,774079,215102,558977,558977,128,558849,0,32,558945,0.2778811981722796,5275168800768,0.2778811981722795
quota_lru_miss_bypass,32,40,22,785935,224546,561389,561389,128,561261,0,32,561357,0.2857055608924402,5297931288576,0.28570556089244026
quota_lru_miss_bypass,32,40,23,785459,217019,568440,568440,128,568312,0,32,568408,0.2762957710077802,5364472872960,0.27629577100778013
quota_lru_miss_bypass,32,40,24,776115,222726,553389,553389,128,553261,0,32,553357,0.2869755126495429,5222433816576,0.2869755126495429
quota_lru_miss_bypass,32,40,25,761251,219238,542013,542013,128,541885,0,32,541981,0.2879969944210254,5115076411392,0.28799699442102544
quota_lru_miss_bypass,32,40,26,778850,227198,551652,551652,128,551524,0,32,551620,0.2917095718045837,5206041427968,0.2917095718045837
quota_lru_miss_bypass,32,40,27,786252,218313,567939,567939,128,567811,0,32,567907,0.2776628867080783,5359744843776,0.27766288670807837
quota_lru_miss_bypass,32,40,28,756158,205962,550196,550196,128,550068,0,32,550164,0.27237958204502233,5192300888064,0.27237958204502233
quota_lru_miss_bypass,32,40,29,771640,220762,550878,550878,128,550750,0,32,550846,0.2860945518635633,5198737047552,0.28609455186356336
quota_lru_miss_bypass,32,40,30,768942,203876,565066,565066,128,564938,0,32,565034,0.26513833293018196,5332631814144,0.26513833293018196
quota_lru_miss_bypass,32,40,31,779981,220997,558984,558984,128,558856,0,32,558952,0.2833363889633209,5275234861056,0.2833363889633209
quota_lru_miss_bypass,32,40,32,798364,224134,574230,574230,128,574102,0,32,574198,0.2807416166059592,5419114168320,0.2807416166059592
quota_lru_miss_bypass,32,40,33,785681,220084,565597,565597,128,565469,0,32,565565,0.2801187759408717,5337642958848,0.28011877594087164
quota_lru_miss_bypass,32,40,34,783716,216836,566880,566880,128,566752,0,32,566848,0.27667675535525627,5349750865920,0.27667675535525627
quota_lru_miss_bypass,32,40,35,794747,219316,575431,575431,128,575303,0,32,575399,0.2759570026687738,5430448226304,0.2759570026687739
quota_lru_miss_bypass,32,40,36,781106,218109,562997,562997,128,562869,0,32,562965,0.27923098785568157,5313106280448,0.27923098785568157
quota_lru_miss_bypass,32,40,37,768246,207384,560862,560862,128,560734,0,32,560830,0.2699447833115955,5292957892608,0.26994478331159555
quota_lru_miss_bypass,32,40,38,776922,220848,556074,556074,128,555946,0,32,556042,0.2842601960042321,5247772655616,0.28426019600423214
quota_lru_miss_bypass,32,40,39,783331,218032,565299,565299,128,565171,0,32,565267,0.2783395525007947,5334830678016,0.2783395525007947
quota_lru_miss_bypass,32,40,40,764502,213117,551385,551385,128,551257,0,32,551353,0.2787657847853897,5203521699840,0.2787657847853897
quota_lru_miss_bypass,32,40,41,745064,206991,538073,538073,128,537945,0,32,538041,0.27781640234932836,5077893906432,0.27781640234932836
quota_lru_miss_bypass,32,40,42,737151,222978,514173,514173,127,514046,0,32,514141,0.30248619346646755,4852345208832,0.30248619346646755
quota_lru_miss_bypass,32,40,43,733987,215950,518037,518037,125,517912,0,32,518005,0.29421502015703277,4888810487808,0.2942150201570327
quota_lru_miss_bypass,32,40,44,739696,217559,522137,522137,126,522011,0,32,522105,0.29411947610910427,4927502942208,0.29411947610910427
quota_lru_miss_bypass,32,40,45,731526,221765,509761,509761,128,509633,0,32,509729,0.30315395488335345,4810708353024,0.3031539548833534
quota_lru_miss_bypass,32,40,46,752250,221187,531063,531063,126,530937,0,32,531031,0.29403389830508475,5011739246592,0.29403389830508475
quota_lru_miss_bypass,32,40,47,746547,221759,524788,524788,121,524667,0,32,524756,0.29704626768307957,4952520916992,0.2970462676830795
quota_lru_no_admission,32,40,0,835525,0,835525,835525,128,835397,0,0,835525,0.0,7885003161600,0.0
quota_lru_no_admission,32,40,1,833321,0,833321,833321,128,833193,0,0,833321,0.0,7864203608064,0.0
quota_lru_no_admission,32,40,2,771712,0,771712,771712,128,771584,0,0,771712,0.0,7282788139008,0.0
quota_lru_no_admission,32,40,3,812190,0,812190,812190,128,812062,0,0,812190,0.0,7664786472960,0.0
quota_lru_no_admission,32,40,4,783878,0,783878,783878,128,783750,0,0,783878,0.0,7397600919552,0.0
quota_lru_no_admission,32,40,5,789848,0,789848,789848,128,789720,0,0,789848,0.0,7453940908032,0.0
quota_lru_no_admission,32,40,6,785541,0,785541,785541,128,785413,0,0,785541,0.0,7413294956544,0.0
quota_lru_no_admission,32,40,7,785500,0,785500,785500,128,785372,0,0,785500,0.0,7412908032000,0.0
quota_lru_no_admission,32,40,8,811106,0,811106,811106,128,810978,0,0,811106,0.0,7654556565504,0.0
quota_lru_no_admission,32,40,9,792899,0,792899,792899,128,792771,0,0,792899,0.0,7482733756416,0.0
quota_lru_no_admission,32,40,10,790926,0,790926,790926,128,790798,0,0,790926,0.0,7464114192384,0.0
quota_lru_no_admission,32,40,11,802109,0,802109,802109,128,801981,0,0,802109,0.0,7569650221056,0.0
quota_lru_no_admission,32,40,12,775408,0,775408,775408,128,775280,0,0,775408,0.0,7317667971072,0.0
quota_lru_no_admission,32,40,13,765542,0,765542,765542,128,765414,0,0,765542,0.0,7224560713728,0.0
quota_lru_no_admission,32,40,14,769261,0,769261,769261,128,769133,0,0,769261,0.0,7259657601024,0.0
quota_lru_no_admission,32,40,15,783090,0,783090,783090,128,782962,0,0,783090,0.0,7390164418560,0.0
quota_lru_no_admission,32,40,16,751494,0,751494,751494,128,751366,0,0,751494,0.0,7091987152896,0.0
quota_lru_no_admission,32,40,17,735616,0,735616,735616,128,735488,0,0,735616,0.0,6942143545344,0.0
quota_lru_no_admission,32,40,18,768731,0,768731,768731,128,768603,0,0,768731,0.0,7254655893504,0.0
quota_lru_no_admission,32,40,19,780563,0,780563,780563,128,780435,0,0,780563,0.0,7366316654592,0.0
quota_lru_no_admission,32,40,20,791661,0,791661,791661,128,791533,0,0,791661,0.0,7471050522624,0.0
quota_lru_no_admission,32,40,21,774079,0,774079,774079,128,773951,0,0,774079,0.0,7305125953536,0.0
quota_lru_no_admission,32,40,22,785935,0,785935,785935,128,785807,0,0,785935,0.0,7417013207040,0.0
quota_lru_no_admission,32,40,23,785459,0,785459,785459,128,785331,0,0,785459,0.0,7412521107456,0.0
quota_lru_no_admission,32,40,24,776115,0,776115,776115,128,775987,0,0,776115,0.0,7324340060160,0.0
quota_lru_no_admission,32,40,25,761251,0,761251,761251,128,761123,0,0,761251,0.0,7184065757184,0.0
quota_lru_no_admission,32,40,26,778850,0,778850,778850,128,778722,0,0,778850,0.0,7350150758400,0.0
quota_lru_no_admission,32,40,27,786252,0,786252,786252,128,786124,0,0,786252,0.0,7420004794368,0.0
quota_lru_no_admission,32,40,28,756158,0,756158,756158,128,756030,0,0,756158,0.0,7136002179072,0.0
quota_lru_no_admission,32,40,29,771640,0,771640,771640,128,771512,0,0,771640,0.0,7282108661760,0.0
quota_lru_no_admission,32,40,30,768942,0,768942,768942,128,768814,0,0,768942,0.0,7256647139328,0.0
quota_lru_no_admission,32,40,31,779981,0,779981,779981,128,779853,0,0,779981,0.0,7360824213504,0.0
quota_lru_no_admission,32,40,32,798364,0,798364,798364,128,798236,0,0,798364,0.0,7534307966976,0.0
quota_lru_no_admission,32,40,33,785681,0,785681,785681,128,785553,0,0,785681,0.0,7414616162304,0.0
quota_lru_no_admission,32,40,34,783716,0,783716,783716,128,783588,0,0,783716,0.0,7396072095744,0.0
quota_lru_no_admission,32,40,35,794747,0,794747,794747,128,794619,0,0,794747,0.0,7500173672448,0.0
quota_lru_no_admission,32,40,36,781106,0,781106,781106,128,780978,0,0,781106,0.0,7371441045504,0.0
quota_lru_no_admission,32,40,37,768246,0,768246,768246,128,768118,0,0,768246,0.0,7250078859264,0.0
quota_lru_no_admission,32,40,38,776922,0,776922,776922,128,776794,0,0,776922,0.0,7331955867648,0.0
quota_lru_no_admission,32,40,39,783331,0,783331,783331,128,783203,0,0,783331,0.0,7392438779904,0.0
quota_lru_no_admission,32,40,40,764502,0,764502,764502,128,764374,0,0,764502,0.0,7214746042368,0.0
quota_lru_no_admission,32,40,41,745064,0,745064,745064,128,744936,0,0,745064,0.0,7031306059776,0.0
quota_lru_no_admission,32,40,42,737151,0,737151,737151,127,737024,0,0,737151,0.0,6956629622784,0.0
quota_lru_no_admission,32,40,43,733987,0,733987,733987,125,733862,0,0,733987,0.0,6926770372608,0.0
quota_lru_no_admission,32,40,44,739696,0,739696,739696,126,739570,0,0,739696,0.0,6980647256064,0.0
quota_lru_no_admission,32,40,45,731526,0,731526,731526,128,731398,0,0,731526,0.0,6903545462784,0.0
quota_lru_no_admission,32,40,46,752250,0,752250,752250,126,752124,0,0,752250,0.0,7099121664000,0.0
quota_lru_no_admission,32,40,47,746547,0,746547,746547,121,746426,0,0,746547,0.0,7045301403648,0.0
quota_lru_window_frequency,32,40,0,835525,0,835525,835525,128,835397,833782,833814,1711,0.0,7885003161600,0.0
quota_lru_window_frequency,32,40,1,833321,0,833321,833321,128,833193,831499,831531,1790,0.0,7864203608064,0.0
quota_lru_window_frequency,32,40,2,771712,0,771712,771712,128,771584,767356,767388,4324,0.0,7282788139008,0.0
quota_lru_window_frequency,32,40,3,812190,0,812190,812190,128,812062,810093,810125,2065,0.0,7664786472960,0.0
quota_lru_window_frequency,32,40,4,783878,0,783878,783878,128,783750,780117,780149,3729,0.0,7397600919552,0.0
quota_lru_window_frequency,32,40,5,789848,0,789848,789848,128,789720,786300,786332,3516,0.0,7453940908032,0.0
quota_lru_window_frequency,32,40,6,785541,0,785541,785541,128,785413,781297,781329,4212,0.0,7413294956544,0.0
quota_lru_window_frequency,32,40,7,785500,0,785500,785500,128,785372,780784,780816,4684,0.0,7412908032000,0.0
quota_lru_window_frequency,32,40,8,811106,0,811106,811106,128,810978,807704,807736,3370,0.0,7654556565504,0.0
quota_lru_window_frequency,32,40,9,792899,0,792899,792899,128,792771,789122,789154,3745,0.0,7482733756416,0.0
quota_lru_window_frequency,32,40,10,790926,0,790926,790926,128,790798,786626,786658,4268,0.0,7464114192384,0.0
quota_lru_window_frequency,32,40,11,802109,7,802102,802102,128,801974,798625,798657,3445,8.726993463481896e-06,7569584160768,8.726993463437083e-06
quota_lru_window_frequency,32,40,12,775408,4,775404,775404,128,775276,770873,770905,4499,5.158574582671316e-06,7317630222336,5.158574582719844e-06
quota_lru_window_frequency,32,40,13,765542,0,765542,765542,128,765414,760836,760868,4674,0.0,7224560713728,0.0
quota_lru_window_frequency,32,40,14,769261,0,769261,769261,128,769133,764677,764709,4552,0.0,7259657601024,0.0
quota_lru_window_frequency,32,40,15,783090,0,783090,783090,128,782962,778614,778646,4444,0.0,7390164418560,0.0
quota_lru_window_frequency,32,40,16,751494,0,751494,751494,128,751366,745827,745859,5635,0.0,7091987152896,0.0
quota_lru_window_frequency,32,40,17,735616,0,735616,735616,128,735488,729302,729334,6282,0.0,6942143545344,0.0
quota_lru_window_frequency,32,40,18,768731,0,768731,768731,128,768603,763290,763322,5409,0.0,7254655893504,0.0
quota_lru_window_frequency,32,40,19,780563,0,780563,780563,128,780435,775570,775602,4961,0.0,7366316654592,0.0
quota_lru_window_frequency,32,40,20,791661,0,791661,791661,128,791533,787553,787585,4076,0.0,7471050522624,0.0
quota_lru_window_frequency,32,40,21,774079,0,774079,774079,128,773951,769097,769129,4950,0.0,7305125953536,0.0
quota_lru_window_frequency,32,40,22,785935,0,785935,785935,128,785807,781675,781707,4228,0.0,7417013207040,0.0
quota_lru_window_frequency,32,40,23,785459,0,785459,785459,128,785331,781464,781496,3963,0.0,7412521107456,0.0
quota_lru_window_frequency,32,40,24,776115,0,776115,776115,128,775987,771559,771591,4524,0.0,7324340060160,0.0
quota_lru_window_frequency,32,40,25,761251,0,761251,761251,128,761123,756252,756284,4967,0.0,7184065757184,0.0
quota_lru_window_frequency,32,40,26,778850,0,778850,778850,128,778722,774261,774293,4557,0.0,7350150758400,0.0
quota_lru_window_frequency,32,40,27,786252,0,786252,786252,128,786124,782137,782169,4083,0.0,7420004794368,0.0
quota_lru_window_frequency,32,40,28,756158,0,756158,756158,128,756030,750545,750577,5581,0.0,7136002179072,0.0
quota_lru_window_frequency,32,40,29,771640,0,771640,771640,128,771512,766539,766571,5069,0.0,7282108661760,0.0
quota_lru_window_frequency,32,40,30,768942,0,768942,768942,128,768814,763671,763703,5239,0.0,7256647139328,0.0
quota_lru_window_frequency,32,40,31,779981,0,779981,779981,128,779853,774579,774611,5370,0.0,7360824213504,0.0
quota_lru_window_frequency,32,40,32,798364,0,798364,798364,128,798236,794478,794510,3854,0.0,7534307966976,0.0
quota_lru_window_frequency,32,40,33,785681,0,785681,785681,128,785553,780960,780992,4689,0.0,7414616162304,0.0
quota_lru_window_frequency,32,40,34,783716,0,783716,783716,128,783588,779380,779412,4304,0.0,7396072095744,0.0
quota_lru_window_frequency,32,40,35,794747,0,794747,794747,128,794619,790957,790989,3758,0.0,7500173672448,0.0
quota_lru_window_frequency,32,40,36,781106,0,781106,781106,128,780978,776518,776550,4556,0.0,7371441045504,0.0
quota_lru_window_frequency,32,40,37,768246,0,768246,768246,128,768118,763569,763601,4645,0.0,7250078859264,0.0
quota_lru_window_frequency,32,40,38,776922,0,776922,776922,128,776794,772402,772434,4488,0.0,7331955867648,0.0
quota_lru_window_frequency,32,40,39,783331,0,783331,783331,128,783203,778764,778796,4535,0.0,7392438779904,0.0
quota_lru_window_frequency,32,40,40,764502,0,764502,764502,128,764374,759903,759935,4567,0.0,7214746042368,0.0
quota_lru_window_frequency,32,40,41,745064,0,745064,745064,128,744936,739678,739710,5354,0.0,7031306059776,0.0
quota_lru_window_frequency,32,40,42,737151,0,737151,737151,127,737024,731179,731211,5940,0.0,6956629622784,0.0
quota_lru_window_frequency,32,40,43,733987,0,733987,733987,125,733862,729095,729127,4860,0.0,6926770372608,0.0
quota_lru_window_frequency,32,40,44,739696,0,739696,739696,126,739570,735144,735176,4520,0.0,6980647256064,0.0
quota_lru_window_frequency,32,40,45,731526,0,731526,731526,128,731398,727225,727257,4269,0.0,6903545462784,0.0
quota_lru_window_frequency,32,40,46,752250,0,752250,752250,126,752124,748749,748781,3469,0.0,7099121664000,0.0
quota_lru_window_frequency,32,40,47,746547,0,746547,746547,121,746426,743500,743532,3015,0.0,7045301403648,0.0
quota_lru_random_order_seed731,32,40,0,835525,37029,798496,798496,128,798368,798464,798496,0,0.04431824302085515,7535553675264,0.044318243020855186
quota_lru_random_order_seed731,32,40,1,833321,36702,796619,796619,128,796491,796587,796619,0,0.04404305183716719,7517840080896,0.04404305183716717
quota_lru_random_order_seed731,32,40,2,771712,40406,731306,731306,128,731178,731274,731306,0,0.052358911096367554,6901469282304,0.05235891109636759
quota_lru_random_order_seed731,32,40,3,812190,38553,773637,773637,128,773509,773605,773637,0,0.047467957005134266,7300954718208,0.04746795700513429
quota_lru_random_order_seed731,32,40,4,783878,39679,744199,744199,128,744071,744167,744199,0,0.050618846300062,7023142895616,0.05061884630006197
quota_lru_random_order_seed731,32,40,5,789848,39346,750502,750502,128,750374,750470,750502,0,0.04981464788161773,7082625466368,0.04981464788161771
quota_lru_random_order_seed731,32,40,6,785541,40201,745340,745340,128,745212,745308,745340,0,0.05117619576826671,7033910722560,0.05117619576826671
quota_lru_random_order_seed731,32,40,7,785500,40420,745080,745080,128,744952,745048,745080,0,0.05145767027371101,7031457054720,0.051457670273711065
quota_lru_random_order_seed731,32,40,8,811106,38393,772713,772713,128,772585,772681,772713,0,0.04733413388632312,7292234760192,0.047334133886323126
quota_lru_random_order_seed731,32,40,9,792899,39139,753760,753760,128,753632,753728,753760,0,0.04936189855202239,7113371811840,0.04936189855202244
quota_lru_random_order_seed731,32,40,10,790926,39286,751640,751640,128,751512,751608,751640,0,0.04967089209357133,7093364981760,0.04967089209357134
quota_lru_random_order_seed731,32,40,11,802109,38912,763197,763197,128,763069,763165,763197,0,0.04851210995014393,7202430517248,0.04851210995014388
quota_lru_random_order_seed731,32,40,12,775408,39696,735712,735712,128,735584,735680,735712,0,0.05119369415843014,6943049515008,0.051193694158430114
quota_lru_random_order_seed731,32,40,13,765542,40631,724911,724911,128,724783,724879,724911,0,0.05307481496769609,6841118490624,0.05307481496769606
quota_lru_random_order_seed731,32,40,14,769261,40206,729055,729055,128,728927,729023,729055,0,0.05226574595618392,6880226181120,0.05226574595618394
quota_lru_random_order_seed731,32,40,15,783090,39087,744003,744003,128,743875,743971,744003,0,0.049913803011148145,7021293207552,0.04991380301114812
quota_lru_random_order_seed731,32,40,16,751494,42181,709313,709313,128,709185,709281,709313,0,0.056129523322874166,6693917294592,0.05612952332287413
quota_lru_random_order_seed731,32,40,17,735616,42085,693531,693531,128,693403,693499,693531,0,0.05721055550722116,6544979656704,0.057210555507221206
quota_lru_random_order_seed731,32,40,18,768731,40828,727903,727903,128,727775,727871,727903,0,0.05311090615572938,6869354545152,0.05311090615572933
quota_lru_random_order_seed731,32,40,19,780563,40271,740292,740292,128,740164,740260,740292,0,0.0515922481593414,6986271817728,0.05159224815934138
quota_lru_random_order_seed731,32,40,20,791661,39155,752506,752506,128,752378,752474,752506,0,0.04945930139289418,7101537583104,0.04945930139289423
quota_lru_random_order_seed731,32,40,21,774079,40155,733924,733924,128,733796,733892,733924,0,0.051874550272000663,6926175830016,0.05187455027200061
quota_lru_random_order_seed731,32,40,22,785935,39248,746687,746687,128,746559,746655,746687,0,0.04993797196969215,7046622609408,0.049937971969692185
quota_lru_random_order_seed731,32,40,23,785459,38922,746537,746537,128,746409,746505,746537,0,0.04955319119139255,7045207031808,0.049553191191392565
quota_lru_random_order_seed731,32,40,24,776115,39486,736629,736629,128,736501,736597,736629,0,0.05087648093388222,6951703412736,0.050876480933882196
quota_lru_random_order_seed731,32,40,25,761251,40480,720771,720771,128,720643,720739,720771,0,0.053175628012311314,6802048548864,0.05317562801231135
quota_lru_random_order_seed731,32,40,26,778850,39431,739419,739419,128,739291,739387,739419,0,0.05062720677922578,6978033156096,0.05062720677922583
quota_lru_random_order_seed731,32,40,27,786252,39091,747161,747161,128,747033,747129,747161,0,0.04971815651979264,7051095834624,0.04971815651979261
quota_lru_random_order_seed731,32,40,28,756158,41387,714771,714771,128,714643,714739,714771,0,0.05473327003086657,6745425444864,0.05473327003086659
quota_lru_random_order_seed731,32,40,29,771640,40329,731311,731311,128,731183,731279,731311,0,0.05226400912342543,6901516468224,0.05226400912342544
quota_lru_random_order_seed731,32,40,30,768942,40744,728198,728198,128,728070,728166,728198,0,0.05298709135409433,6872138514432,0.052987091354094296
quota_lru_random_order_seed731,32,40,31,779981,40361,739620,739620,128,739492,739588,739620,0,0.05174613227758112,6979930030080,0.05174613227758107
quota_lru_random_order_seed731,32,40,32,798364,39099,759265,759265,128,759137,759233,759265,0,0.04897390162883096,7165323509760,0.048973901628830974
quota_lru_random_order_seed731,32,40,33,785681,39390,746291,746291,128,746163,746259,746291,0,0.05013485116733127,7042885484544,0.050134851167331296
quota_lru_random_order_seed731,32,40,34,783716,38927,744789,744789,128,744661,744757,744789,0,0.049669778338071444,7028710834176,0.0496697783380714
quota_lru_random_order_seed731,32,40,35,794747,39080,755667,755667,128,755539,755635,755667,0,0.04917288143270752,7131368521728,0.04917288143270748
quota_lru_random_order_seed731,32,40,36,781106,39413,741693,741693,128,741565,741661,741693,0,0.050457940407575924,6999493312512,0.050457940407575896
quota_lru_random_order_seed731,32,40,37,768246,40314,727932,727932,128,727804,727900,727932,0,0.05247537898017041,6869628223488,0.052475378980170406
quota_lru_random_order_seed731,32,40,38,776922,39863,737059,737059,128,736931,737027,737059,0,0.051308883002412084,6955761401856,0.0513088830024121
quota_lru_random_order_seed731,32,40,39,783331,39893,743438,743438,128,743310,743406,743438,0,0.050927385741149016,7015961198592,0.05092738574114897
quota_lru_random_order_seed731,32,40,40,764502,40933,723569,723569,128,723441,723537,723569,0,0.05354204436352031,6828453789696,0.05354204436352028
quota_lru_random_order_seed731,32,40,41,745064,42514,702550,702550,128,702422,702518,702550,0,0.05706086993868983,6630093619200,0.05706086993868986
quota_lru_random_order_seed731,32,40,42,737151,43004,694147,694147,127,694020,694115,694147,0,0.05833811525725394,6550792962048,0.058338115257253964
quota_lru_random_order_seed731,32,40,43,733987,43063,690924,690924,125,690799,690892,690924,0,0.05866997644372448,6520376918016,0.058669976443724514
quota_lru_random_order_seed731,32,40,44,739696,42515,697181,697181,126,697055,697149,697181,0,0.057476314594103524,6579425378304,0.05747631459410352
quota_lru_random_order_seed731,32,40,45,731526,43096,688430,688430,128,688302,688398,688430,0,0.058912465175537165,6496840581120,0.058912465175537165
quota_lru_random_order_seed731,32,40,46,752250,42163,710087,710087,126,709961,710055,710087,0,0.05604918577600532,6701221675008,0.05604918577600537
quota_lru_random_order_seed731,32,40,47,746547,41878,704669,704669,121,704548,704637,704669,0,0.05609559746405786,6650091012096,0.0560955974640579
quota_lru_random_order_seed732,32,40,0,835525,36766,798759,798759,128,798631,798727,798759,0,0.04400347087160767,7538035654656,0.04400347087160772
quota_lru_random_order_seed732,32,40,1,833321,37326,795995,795995,128,795867,795963,795995,0,0.04479186291957121,7511951278080,0.04479186291957116
quota_lru_random_order_seed732,32,40,2,771712,40237,731475,731475,128,731347,731443,731475,0,0.052139917482169514,6903064166400,0.05213991748216951
quota_lru_random_order_seed732,32,40,3,812190,38490,773700,773700,128,773572,773668,773700,0,0.047390388948398775,7301549260800,0.047390388948398754
quota_lru_random_order_seed732,32,40,4,783878,40132,743746,743746,128,743618,743714,743746,0,0.05119674235021266,7018867851264,0.051196742350212654
quota_lru_random_order_seed732,32,40,5,789848,39775,750073,750073,128,749945,750041,750073,0,0.05035779035966414,7078576914432,0.050357790359664145
quota_lru_random_order_seed732,32,40,6,785541,40089,745452,745452,128,745324,745420,745452,0,0.05103361886903421,7034967687168,0.051033618869034236
quota_lru_random_order_seed732,32,40,7,785500,40093,745407,745407,128,745279,745375,745407,0,0.05104137492043285,7034543013888,0.051041374920432814
quota_lru_random_order_seed732,32,40,8,811106,38206,772900,772900,128,772772,772868,772900,0,0.047103584488340615,7293999513600,0.04710358448834062
quota_lru_random_order_seed732,32,40,9,792899,39503,753396,753396,128,753268,753364,753396,0,0.04982097341527736,7109936676864,0.04982097341527736
quota_lru_random_order_seed732,32,40,10,790926,39154,751772,751772,128,751644,751740,751772,0,0.049503999109904086,7094610690048,0.04950399910990411
quota_lru_random_order_seed732,32,40,11,802109,38661,763448,763448,128,763320,763416,763448,0,0.04819918489881051,7204799250432,0.048199184898810477
quota_lru_random_order_seed732,32,40,12,775408,39527,735881,735881,128,735753,735849,735881,0,0.05097574438231228,6944644399104,0.05097574438231223
quota_lru_random_order_seed732,32,40,13,765542,40541,725001,725001,128,724873,724969,725001,0,0.05295725120241607,6841967837184,0.05295725120241601
quota_lru_random_order_seed732,32,40,14,769261,40353,728908,728908,128,728780,728876,728908,0,0.052456838446249064,6878838915072,0.05245683844624904
quota_lru_random_order_seed732,32,40,15,783090,39457,743633,743633,128,743505,743601,743633,0,0.05038629020929906,7017801449472,0.05038629020929908
quota_lru_random_order_seed732,32,40,16,751494,41963,709531,709531,128,709403,709499,709531,0,0.055839434513116536,6695974600704,0.05583943451311657
quota_lru_random_order_seed732,32,40,17,735616,41739,693877,693877,128,693749,693845,693877,0,0.05674020140943101,6548244922368,0.056740201409431035
quota_lru_random_order_seed732,32,40,18,768731,40402,728329,728329,128,728201,728297,728329,0,0.052556746117952836,6873374785536,0.0525567461179528
quota_lru_random_order_seed732,32,40,19,780563,40013,740550,740550,128,740422,740518,740550,0,0.051261717503904236,6988706611200,0.05126171750390418
quota_lru_random_order_seed732,32,40,20,791661,38924,752737,752737,128,752609,752705,752737,0,0.04916750983059668,7103717572608,0.0491675098305967
quota_lru_random_order_seed732,32,40,21,774079,40213,733866,733866,128,733738,733834,733866,0,0.05194947802485276,6925628473344,0.051949478024852724
quota_lru_random_order_seed732,32,40,22,785935,39370,746565,746565,128,746437,746533,746565,0,0.05009320109169333,7045471272960,0.05009320109169335
quota_lru_random_order_seed732,32,40,23,785459,39155,746304,746304,128,746176,746272,746304,0,0.04984983302756732,7043008167936,0.04984983302756729
quota_lru_random_order_seed732,32,40,24,776115,39318,736797,736797,128,736669,736765,736797,0,0.05066001816741076,6953288859648,0.050660018167410725
quota_lru_random_order_seed732,32,40,25,761251,39960,721291,721291,128,721163,721259,721291,0,0.05249254188171838,6806955884544,0.05249254188171837
quota_lru_random_order_seed732,32,40,26,778850,39818,739032,739032,128,738904,739000,739032,0,0.051124093214354495,6974380965888,0.051124093214354516
quota_lru_random_order_seed732,32,40,27,786252,39276,746976,746976,128,746848,746944,746976,0,0.04995345003891882,7049349955584,0.04995345003891882
quota_lru_random_order_seed732,32,40,28,756158,41763,714395,714395,128,714267,714363,714395,0,0.05523052060548192,6741877063680,0.05523052060548195
quota_lru_random_order_seed732,32,40,29,771640,40255,731385,731385,128,731257,731353,731385,0,0.05216810948110518,6902214819840,0.052168109481105174
quota_lru_random_order_seed732,32,40,30,768942,40574,728368,728368,128,728240,728336,728368,0,0.05276600835953817,6873742835712,0.05276600835953815
quota_lru_random_order_seed732,32,40,31,779981,40548,739433,739433,128,739305,739401,739433,0,0.05198588170737492,6978165276672,0.05198588170737495
quota_lru_random_order_seed732,32,40,32,798364,38797,759567,759567,128,759439,759535,759567,0,0.04859562805938143,7168173539328,0.048595628059381446
quota_lru_random_order_seed732,32,40,33,785681,39885,745796,745796,128,745668,745764,745796,0,0.050764877857552876,7038214078464,0.050764877857552904
quota_lru_random_order_seed732,32,40,34,783716,39464,744252,744252,128,744124,744220,744252,0,0.05035497552684901,7023643066368,0.05035497552684898
quota_lru_random_order_seed732,32,40,35,794747,38753,755994,755994,128,755866,755962,755994,0,0.04876142973801725,7134454480896,0.048761429738017226
quota_lru_random_order_seed732,32,40,36,781106,39398,741708,741708,128,741580,741676,741708,0,0.050438736867979506,6999634870272,0.050438736867979506
quota_lru_random_order_seed732,32,40,37,768246,40013,728233,728233,128,728105,728201,728233,0,0.05208357739578208,6872468815872,0.052083577395782066
quota_lru_random_order_seed732,32,40,38,776922,39968,736954,736954,128,736826,736922,736954,0,0.0514440317045984,6954770497536,0.051444031704598436
quota_lru_random_order_seed732,32,40,39,783331,39540,743791,743791,128,743663,743759,743791,0,0.05047674610094583,7019292524544,0.05047674610094588
quota_lru_random_order_seed732,32,40,40,764502,41241,723261,723261,128,723133,723229,723261,0,0.0539449210074009,6825547137024,0.05394492100740089
quota_lru_random_order_seed732,32,40,41,745064,42792,702272,702272,128,702144,702240,702272,0,0.05743399224764584,6627470082048,0.05743399224764589
quota_lru_random_order_seed732,32,40,42,737151,42818,694333,694333,127,694206,694301,694333,0,0.05808579246314527,6552548278272,0.05808579246314527
quota_lru_random_order_seed732,32,40,43,733987,43060,690927,690927,125,690802,690895,690927,0,0.05866588917787372,6520405229568,0.05866588917787374
quota_lru_random_order_seed732,32,40,44,739696,42965,696731,696731,126,696605,696699,696731,0,0.058084672622266444,6575178645504,0.058084672622266464
quota_lru_random_order_seed732,32,40,45,731526,42739,688787,688787,128,688659,688755,688787,0,0.05842444424395032,6500209655808,0.058424444243950324
quota_lru_random_order_seed732,32,40,46,752250,42257,709993,709993,126,709867,709961,709993,0,0.05617414423396477,6700334579712,0.05617414423396472
quota_lru_random_order_seed732,32,40,47,746547,41466,705081,705081,121,704960,705049,705081,0,0.05554372330208279,6653979131904,0.05554372330208279
quota_lru_random_order_seed733,32,40,0,835525,37068,798457,798457,128,798329,798425,798457,0,0.044364920259716945,7535185625088,0.044364920259716945
quota_lru_random_order_seed733,32,40,1,833321,37220,796101,796101,128,795973,796069,796101,0,0.04466466103698335,7512951619584,0.0446646610369833
quota_lru_random_order_seed733,32,40,2,771712,40231,731481,731481,128,731353,731449,731481,0,0.052132142560955386,6903120789504,0.05213214256095533
quota_lru_random_order_seed733,32,40,3,812190,38731,773459,773459,128,773331,773427,773459,0,0.04768711754638693,7299274899456,0.04768711754638688
quota_lru_random_order_seed733,32,40,4,783878,40111,743767,743767,128,743639,743735,743767,0,0.05116995246709309,7019066032128,0.051169952467093105
quota_lru_random_order_seed733,32,40,5,789848,39788,750060,750060,128,749932,750028,750060,0,0.05037424922263524,7078454231040,0.050374249222635226
quota_lru_random_order_seed733,32,40,6,785541,40252,745289,745289,128,745161,745257,745289,0,0.05124111917773865,7033429426176,0.05124111917773866
quota_lru_random_order_seed733,32,40,7,785500,40370,745130,745130,128,745002,745098,745130,0,0.051394016549968176,7031928913920,0.051394016549968224
quota_lru_random_order_seed733,32,40,8,811106,38695,772411,772411,128,772283,772379,772411,0,0.04770646499964246,7289384730624,0.047706464999642484
quota_lru_random_order_seed733,32,40,9,792899,39514,753385,753385,128,753257,753353,753385,0,0.04983484655674934,7109832867840,0.0498348465567493
quota_lru_random_order_seed733,32,40,10,790926,38971,751955,751955,128,751827,751923,751955,0,0.04927262474618359,7096337694720,0.049272624746183546
quota_lru_random_order_seed733,32,40,11,802109,38616,763493,763493,128,763365,763461,763493,0,0.048143082797973843,7205223923712,0.04814308279797386
quota_lru_random_order_seed733,32,40,12,775408,39465,735943,735943,128,735815,735911,735943,0,0.050895786476280874,6945229504512,0.0508957864762809
quota_lru_random_order_seed733,32,40,13,765542,40010,725532,725532,128,725404,725500,725532,0,0.052263624987263925,6846978981888,0.05226362498726389
quota_lru_random_order_seed733,32,40,14,769261,40024,729237,729237,128,729109,729205,729237,0,0.05202915525419851,6881943748608,0.05202915525419849
quota_lru_random_order_seed733,32,40,15,783090,39437,743653,743653,128,743525,743621,743653,0,0.05036075036075036,7017990193152,0.050360750360750384
quota_lru_random_order_seed733,32,40,16,751494,42083,709411,709411,128,709283,709379,709411,0,0.05599911642674459,6694842138624,0.0559991164267446
quota_lru_random_order_seed733,32,40,17,735616,41871,693745,693745,128,693617,693713,693745,0,0.056919642857142856,6546999214080,0.056919642857142905
quota_lru_random_order_seed733,32,40,18,768731,40934,727797,727797,128,727669,727765,727797,0,0.05324879574259396,6868354203648,0.053248795742594
quota_lru_random_order_seed733,32,40,19,780563,40418,740145,740145,128,740017,740113,740145,0,0.0517805737653463,6984884551680,0.05178057376534628
quota_lru_random_order_seed733,32,40,20,791661,39408,752253,752253,128,752125,752221,752253,0,0.04977888262779144,7099149975552,0.0497788826277914
quota_lru_random_order_seed733,32,40,21,774079,39683,734396,734396,128,734268,734364,734396,0,0.05126479338672151,6930630180864,0.05126479338672152
quota_lru_random_order_seed733,32,40,22,785935,39261,746674,746674,128,746546,746642,746674,0,0.04995451277777424,7046499926016,0.049954512777774296
quota_lru_random_order_seed733,32,40,23,785459,39177,746282,746282,128,746154,746250,746282,0,0.049877842127978675,7042800549888,0.04987784212797863
quota_lru_random_order_seed733,32,40,24,776115,39309,736806,736806,128,736678,736774,736806,0,0.050648421947778355,6953373794304,0.05064842194777841
quota_lru_random_order_seed733,32,40,25,761251,40332,720919,720919,128,720791,720887,720919,0,0.05298121119052717,6803445252096,0.05298121119052712
quota_lru_random_order_seed733,32,40,26,778850,39569,739281,739281,128,739153,739249,739281,0,0.05080439108942672,6976730824704,0.05080439108942669
quota_lru_random_order_seed733,32,40,27,786252,39084,747168,747168,128,747040,747136,747168,0,0.04970925352177165,7051161894912,0.04970925352177169
quota_lru_random_order_seed733,32,40,28,756158,41183,714975,714975,128,714847,714943,714975,0,0.054463485144639084,6747350630400,0.05446348514463906
quota_lru_random_order_seed733,32,40,29,771640,40375,731265,731265,128,731137,731233,731265,0,0.05232362241459748,6901082357760,0.052323622414597426
quota_lru_random_order_seed733,32,40,30,768942,40620,728322,728322,128,728194,728290,728322,0,0.05282583081688866,6873308725248,0.05282583081688863
quota_lru_random_order_seed733,32,40,31,779981,40322,739659,739659,128,739531,739627,739659,0,0.05169613105960273,6980298080256,0.05169613105960269
quota_lru_random_order_seed733,32,40,32,798364,38681,759683,759683,128,759555,759651,759683,0,0.048450330926745194,7169268252672,0.04845033092674522
quota_lru_random_order_seed733,32,40,33,785681,39670,746011,746011,128,745883,745979,746011,0,0.05049122990119399,7040243073024,0.050491229901194035
quota_lru_random_order_seed733,32,40,34,783716,38907,744809,744809,128,744681,744777,744809,0,0.04964425888969984,7028899577856,0.04964425888969981
quota_lru_random_order_seed733,32,40,35,794747,39332,755415,755415,128,755287,755383,755415,0,0.049489963472652304,7128990351360,0.04948996347265233
quota_lru_random_order_seed733,32,40,36,781106,39246,741860,741860,128,741732,741828,741860,0,0.05024414100006913,7001069322240,0.05024414100006913
quota_lru_random_order_seed733,32,40,37,768246,40262,727984,727984,128,727856,727952,727984,0,0.05240769232771794,6870118957056,0.052407692327717914
quota_lru_random_order_seed733,32,40,38,776922,39825,737097,737097,128,736969,737065,737097,0,0.05125997204352561,6956120014848,0.051259972043525615
quota_lru_random_order_seed733,32,40,39,783331,39559,743772,743772,128,743644,743740,743772,0,0.05050100149234487,7019113218048,0.05050100149234482
quota_lru_random_order_seed733,32,40,40,764502,40973,723529,723529,128,723401,723497,723529,0,0.05359436600558272,6828076302336,0.05359436600558276
quota_lru_random_order_seed733,32,40,41,745064,42473,702591,702591,128,702463,702559,702591,0,0.05700584110895172,6630480543744,0.05700584110895168
quota_lru_random_order_seed733,32,40,42,737151,43211,693940,693940,127,693813,693908,693940,0,0.05861892610876197,6548839464960,0.05861892610876196
quota_lru_random_order_seed733,32,40,43,733987,42759,691228,691228,125,691103,691196,691228,0,0.058255800170847714,6523245821952,0.05825580017084775
quota_lru_random_order_seed733,32,40,44,739696,42434,697262,697262,126,697136,697230,697262,0,0.0573668101490342,6580189790208,0.05736681014903422
quota_lru_random_order_seed733,32,40,45,731526,42954,688572,688572,128,688444,688540,688572,0,0.05871835040723091,6498180661248,0.058718350407230946
quota_lru_random_order_seed733,32,40,46,752250,41732,710518,710518,126,710392,710486,710518,0,0.05547623795280824,6705289101312,0.055476237952808205
quota_lru_random_order_seed733,32,40,47,746547,41519,705028,705028,121,704907,704996,705028,0,0.05561471682291939,6653478961152,0.05561471682291941
permanent_k,64,40,0,835525,471998,363527,363527,64,363463,0,0,0,0.5649118817509949,3430671187968,0.5649118817509948
permanent_k,64,40,1,833321,472483,360838,360838,64,360774,0,0,0,0.5669879914222731,3405294600192,0.5669879914222731
permanent_k,64,40,2,771712,473797,297915,297915,64,297851,0,0,0,0.613955724415326,2811478671360,0.613955724415326
permanent_k,64,40,3,812190,471121,341069,341069,64,341005,0,0,0,0.5800625469409867,3218730909696,0.5800625469409867
permanent_k,64,40,4,783878,469083,314795,314795,64,314731,0,0,0,0.5984132734940897,2970778337280,0.5984132734940897
permanent_k,64,40,5,789848,470790,319058,319058,64,318994,0,0,0,0.5960513921665941,3011009052672,0.5960513921665941
permanent_k,64,40,6,785541,468726,316815,316815,64,316751,0,0,0,0.5966919613362002,2989841448960,0.5966919613362002
permanent_k,64,40,7,785500,471238,314262,314262,64,314198,0,0,0,0.5999210693825588,2965748318208,0.599921069382559
permanent_k,64,40,8,811106,472085,339021,339021,64,338957,0,0,0,0.5820262703025252,3199403556864,0.5820262703025252
permanent_k,64,40,9,792899,470035,322864,322864,64,322800,0,0,0,0.5928056410715614,3046926974976,0.5928056410715614
permanent_k,64,40,10,790926,469012,321914,321914,64,321850,0,0,0,0.5929910004222898,3037961650176,0.5929910004222898
permanent_k,64,40,11,802109,468960,333149,333149,64,333085,0,0,0,0.58465869351921,3143988412416,0.58465869351921
permanent_k,64,40,12,775408,464175,311233,311233,64,311169,0,0,0,0.5986203392278645,2937163087872,0.5986203392278646
permanent_k,64,40,13,765542,468655,296887,296887,64,296823,0,0,0,0.6121871824145507,2801777246208,0.6121871824145507
permanent_k,64,40,14,769261,471974,297287,297287,64,297223,0,0,0,0.6135420877959497,2805552119808,0.6135420877959497
permanent_k,64,40,15,783090,465109,317981,317981,64,317917,0,0,0,0.5939406709318213,3000845205504,0.5939406709318213
permanent_k,64,40,16,751494,473080,278414,278414,64,278350,0,0,0,0.6295193308263273,2627444146176,0.6295193308263273
permanent_k,64,40,17,735616,470012,265604,265604,64,265540,0,0,0,0.6389366191056203,2506553819136,0.6389366191056203
permanent_k,64,40,18,768731,467214,301517,301517,64,301453,0,0,0,0.6077730701636853,2845471408128,0.6077730701636854
permanent_k,64,40,19,780563,469259,311304,311304,64,311240,0,0,0,0.6011801737976307,2937833127936,0.6011801737976307
permanent_k,64,40,20,791661,468932,322729,322729,64,322665,0,0,0,0.5923393977977948,3045652955136,0.5923393977977948
permanent_k,64,40,21,774079,469013,305066,305066,64,305002,0,0,0,0.605898106007268,2878963974144,0.605898106007268
permanent_k,64,40,22,785935,468900,317035,317035,64,316971,0,0,0,0.5966142238225808,2991917629440,0.5966142238225807
permanent_k,64,40,23,785459,469321,316138,316138,64,316074,0,0,0,0.5975117733707297,2983452475392,0.5975117733707298
permanent_k,64,40,24,776115,465202,310913,310913,64,310849,0,0,0,0.5993982850479632,2934143188992,0.5993982850479633
permanent_k,64,40,25,761251,465254,295997,295997,64,295933,0,0,0,0.6111702973132384,2793378152448,0.6111702973132384
permanent_k,64,40,26,778850,467686,311164,311164,64,311100,0,0,0,0.6004827630480837,2936511922176,0.6004827630480838
permanent_k,64,40,27,786252,466010,320242,320242,64,320178,0,0,0,0.5926980153945555,3022182678528,0.5926980153945554
permanent_k,64,40,28,756158,473251,282907,282907,64,282843,0,0,0,0.6258625842747151,2669845413888,0.6258625842747151
permanent_k,64,40,29,771640,474543,297097,297097,64,297033,0,0,0,0.614979783318646,2803759054848,0.614979783318646
permanent_k,64,40,30,768942,467230,301712,301712,64,301648,0,0,0,0.6076271032145467,2847311659008,0.6076271032145467
permanent_k,64,40,31,779981,467794,312187,312187,64,312123,0,0,0,0.5997505067431129,2946166161408,0.599750506743113
permanent_k,64,40,32,798364,469939,328425,328425,64,328361,0,0,0,0.5886274932236424,3099407155200,0.5886274932236424
permanent_k,64,40,33,785681,471630,314051,314051,64,313987,0,0,0,0.60028179375599,2963757072384,0.60028179375599
permanent_k,64,40,34,783716,471526,312190,312190,64,312126,0,0,0,0.6016541706434474,2946194472960,0.6016541706434474
permanent_k,64,40,35,794747,472714,322033,322033,64,321969,0,0,0,0.5947980929780169,3039084675072,0.5947980929780169
permanent_k,64,40,36,781106,468516,312590,312590,64,312526,0,0,0,0.5998110371703712,2949969346560,0.5998110371703713
permanent_k,64,40,37,768246,473736,294510,294510,64,294446,0,0,0,0.6166462305042916,2779345059840,0.6166462305042916
permanent_k,64,40,38,776922,470912,306010,306010,64,305946,0,0,0,0.6061251966091834,2887872675840,0.6061251966091834
permanent_k,64,40,39,783331,471494,311837,311837,64,311773,0,0,0,0.601909026963059,2942863147008,0.601909026963059
permanent_k,64,40,40,764502,472611,291891,291891,64,291827,0,0,0,0.6181945894189943,2754629074944,0.6181945894189943
permanent_k,64,40,41,745064,477670,267394,267394,64,267330,0,0,0,0.6411127097806363,2523446378496,0.6411127097806363
permanent_k,64,40,42,737151,476094,261057,261057,63,260994,0,0,0,0.6458568190235108,2463642943488,0.6458568190235108
permanent_k,64,40,43,733987,474949,259038,259038,61,258977,0,0,0,0.6470809428504865,2444589268992,0.6470809428504865
permanent_k,64,40,44,739696,474068,265628,265628,62,265566,0,0,0,0.6408957193225325,2506780311552,0.6408957193225324
permanent_k,64,40,45,731526,475085,256441,256441,64,256377,0,0,0,0.6494437654984239,2420080902144,0.6494437654984239
permanent_k,64,40,46,752250,473180,279070,279070,62,279008,0,0,0,0.6290196078431373,2633634938880,0.6290196078431373
permanent_k,64,40,47,746547,474453,272094,272094,57,272037,0,0,0,0.6355299800280492,2567801143296,0.6355299800280492
quota_lru_k,64,40,0,835525,199,835326,835326,128,835198,835262,835326,0,0.00023817360342299752,7883125161984,0.00023817360342304195
quota_lru_k,64,40,1,833321,832,832489,832489,128,832361,832425,832489,0,0.0009984147765386927,7856351870976,0.0009984147765387252
quota_lru_k,64,40,2,771712,265,771447,771447,128,771319,771383,771447,0,0.00034339235362414996,7280287285248,0.0003433923536241279
quota_lru_k,64,40,3,812190,979,811211,811211,128,811083,811147,811211,0,0.0012053829768896441,7655547469824,0.0012053829768896573
quota_lru_k,64,40,4,783878,1120,782758,782758,128,782630,782694,782758,0,0.0014287937663769108,7387031273472,0.0014287937663769457
quota_lru_k,64,40,5,789848,689,789159,789159,128,789031,789095,789159,0,0.0008723197374684749,7447438688256,0.0008723197374684855
quota_lru_k,64,40,6,785541,957,784584,784584,128,784456,784520,784584,0,0.0012182686836205877,7404263571456,0.001218268683620627
quota_lru_k,64,40,7,785500,729,784771,784771,128,784643,784707,784771,0,0.000928071292170592,7406028324864,0.0009280712921705403
quota_lru_k,64,40,8,811106,730,810376,810376,128,810248,810312,810376,0,0.0009000056712686134,7647667421184,0.0009000056712685778
quota_lru_k,64,40,9,792899,1078,791821,791821,128,791693,791757,791821,0,0.0013595678642550943,7472560472064,0.0013595678642550624
quota_lru_k,64,40,10,790926,955,789971,789971,128,789843,789907,789971,0,0.0012074454500168158,7455101681664,0.0012074454500168308
quota_lru_k,64,40,11,802109,1292,800817,800817,128,800689,800753,800817,0,0.0016107536506883727,7557457379328,0.0016107536506884124
quota_lru_k,64,40,12,775408,1551,773857,773857,128,773729,773793,773857,0,0.002000237294430803,7303030898688,0.0020002372944307734
quota_lru_k,64,40,13,765542,1354,764188,764188,128,764060,764124,764188,0,0.0017686815354350251,7211782766592,0.0017686815354350793
quota_lru_k,64,40,14,769261,943,768318,768318,128,768190,768254,768318,0,0.001225851824023316,7250758336512,0.0012258518240233496
quota_lru_k,64,40,15,783090,1017,782073,782073,128,781945,782009,782073,0,0.0012987012987012987,7380566802432,0.0012987012987012436
quota_lru_k,64,40,16,751494,655,750839,750839,128,750711,750775,750839,0,0.0008715971118864555,7085805797376,0.0008715971118864463
quota_lru_k,64,40,17,735616,727,734889,734889,128,734761,734825,734889,0,0.0009882873673220812,6935282712576,0.0009882873673220383
quota_lru_k,64,40,18,768731,876,767855,767855,128,767727,767791,767855,0,0.0011395403593714836,7246388920320,0.0011395403593714715
quota_lru_k,64,40,19,780563,783,779780,779780,128,779652,779716,779780,0,0.0010031221054546526,7358927339520,0.0010031221054546124
quota_lru_k,64,40,20,791661,1009,790652,790652,128,790524,790588,790652,0,0.0012745354387799829,7461528403968,0.0012745354387799779
quota_lru_k,64,40,21,774079,1386,772693,772693,128,772565,772629,772693,0,0.001790514921603609,7292046016512,0.0017905149216036476
quota_lru_k,64,40,22,785935,1262,784673,784673,128,784545,784609,784673,0,0.001605730753815519,7405103480832,0.0016057307538155374
quota_lru_k,64,40,23,785459,1213,784246,784246,128,784118,784182,784246,0,0.0015443199454077171,7401073803264,0.0015443199454077128
quota_lru_k,64,40,24,776115,1648,774467,774467,128,774339,774403,774467,0,0.0021233966615772145,7308787580928,0.002123396661577237
quota_lru_k,64,40,25,761251,1313,759938,759938,128,759810,759874,759938,0,0.001724792479747153,7171674734592,0.001724792479747106
quota_lru_k,64,40,26,778850,770,778080,778080,128,777952,778016,778080,0,0.0009886370931501572,7342884126720,0.0009886370931501132
quota_lru_k,64,40,27,786252,1024,785228,785228,128,785100,785164,785228,0,0.001302381424784929,7410341117952,0.001302381424784893
quota_lru_k,64,40,28,756158,620,755538,755538,128,755410,755474,755538,0,0.0008199344581423459,7130151124992,0.000819934458142324
quota_lru_k,64,40,29,771640,356,771284,771284,128,771156,771220,771284,0,0.0004613550360271629,7278749024256,0.00046135503602717787
quota_lru_k,64,40,30,768942,510,768432,768432,128,768304,768368,768432,0,0.0006632489836684691,7251834175488,0.0006632489836684297
quota_lru_k,64,40,31,779981,243,779738,779738,128,779610,779674,779738,0,0.00031154605048071683,7358530977792,0.0003115460504806711
quota_lru_k,64,40,32,798364,280,798084,798084,128,797956,798020,798084,0,0.0003507172167081682,7531665555456,0.0003507172167082073
quota_lru_k,64,40,33,785681,555,785126,785126,128,784998,785062,785126,0,0.0007063935617636166,7409378525184,0.0007063935617636075
quota_lru_k,64,40,34,783716,515,783201,783201,128,783073,783137,783201,0,0.0006571257955688029,7391211945984,0.0006571257955687582
quota_lru_k,64,40,35,794747,805,793942,793942,128,793814,793878,793942,0,0.0010129009609347378,7492576739328,0.0010129009609347595
quota_lru_k,64,40,36,781106,1363,779743,779743,128,779615,779679,779743,0,0.0017449616313278864,7358578163712,0.0017449616313278682
quota_lru_k,64,40,37,768246,659,767587,767587,128,767459,767523,767587,0,0.0008577981531957212,7243859755008,0.0008577981531957546
quota_lru_k,64,40,38,776922,59,776863,776863,128,776735,776799,776863,0,7.594069932374164e-05,7331399073792,7.594069932370662e-05
quota_lru_k,64,40,39,783331,44,783287,783287,128,783159,783223,783287,0,5.617038008198322e-05,7392023543808,5.6170380081987936e-05
quota_lru_k,64,40,40,764502,50,764452,764452,128,764324,764388,764452,0,6.54020525780181e-05,7214274183168,6.54020525779897e-05
quota_lru_k,64,40,41,745064,4,745060,745060,128,744932,744996,745060,0,5.368666315913801e-06,7031268311040,5.368666315952453e-06
quota_lru_k,64,40,42,737151,30,737121,737121,127,736994,737057,737121,0,4.069722485623705e-05,6956346507264,4.069722485622318e-05
quota_lru_k,64,40,43,733987,0,733987,733987,125,733862,733923,733987,0,0.0,6926770372608,0.0
quota_lru_k,64,40,44,739696,0,739696,739696,126,739570,739632,739696,0,0.0,6980647256064,0.0
quota_lru_k,64,40,45,731526,0,731526,731526,128,731398,731462,731526,0,0.0,6903545462784,0.0
quota_lru_k,64,40,46,752250,0,752250,752250,126,752124,752186,752250,0,0.0,7099121664000,0.0
quota_lru_k,64,40,47,746547,0,746547,746547,121,746426,746483,746547,0,0.0,7045301403648,0.0
quota_lru_resident_hit_first,64,40,0,835525,439663,395862,395862,128,395734,395798,395862,0,0.5262116633254541,3735822532608,0.5262116633254541
quota_lru_resident_hit_first,64,40,1,833321,439121,394200,394200,128,394072,394136,394200,0,0.5269529989043837,3720137932800,0.5269529989043837
quota_lru_resident_hit_first,64,40,2,771712,437432,334280,334280,128,334152,334216,334280,0,0.566833222756676,3154661867520,0.5668332227566761
quota_lru_resident_hit_first,64,40,3,812190,440584,371606,371606,128,371478,371542,371606,0,0.542464201726197,3506914197504,0.5424642017261971
quota_lru_resident_hit_first,64,40,4,783878,439893,343985,343985,128,343857,343921,343985,0,0.5611753359578914,3246249738240,0.5611753359578915
quota_lru_resident_hit_first,64,40,5,789848,440994,348854,348854,128,348726,348790,348854,0,0.5583276782368253,3292199387136,0.5583276782368254
quota_lru_resident_hit_first,64,40,6,785541,443327,342214,342214,128,342086,342150,342214,0,0.5643588304111434,3229536485376,0.5643588304111434
quota_lru_resident_hit_first,64,40,7,785500,443026,342474,342474,128,342346,342410,342474,0,0.5640050922978994,3231990153216,0.5640050922978994
quota_lru_resident_hit_first,64,40,8,811106,439619,371487,371487,128,371359,371423,371487,0,0.5419994427362145,3505791172608,0.5419994427362145
quota_lru_resident_hit_first,64,40,9,792899,438441,354458,354458,128,354330,354394,354458,0,0.5529594563746455,3345085366272,0.5529594563746454
quota_lru_resident_hit_first,64,40,10,790926,434780,356146,356146,128,356018,356082,356146,0,0.5497100866579174,3361015332864,0.5497100866579174
quota_lru_resident_hit_first,64,40,11,802109,438093,364016,364016,128,363888,363952,364016,0,0.5461763924853106,3435285970944,0.5461763924853106
quota_lru_resident_hit_first,64,40,12,775408,430017,345391,345391,128,345263,345327,345391,0,0.5545686915791429,3259518418944,0.5545686915791428
quota_lru_resident_hit_first,64,40,13,765542,432591,332951,332951,128,332823,332887,332951,0,0.5650780754027865,3142119849984,0.5650780754027865
quota_lru_resident_hit_first,64,40,14,769261,431101,338160,338160,128,338032,338096,338160,0,0.5604092759154565,3191278141440,0.5604092759154565
quota_lru_resident_hit_first,64,40,15,783090,432629,350461,350461,128,350333,350397,350461,0,0.5524639568887356,3307364941824,0.5524639568887357
quota_lru_resident_hit_first,64,40,16,751494,441828,309666,309666,128,309538,309602,309666,0,0.587932837787128,2922375020544,0.587932837787128
quota_lru_resident_hit_first,64,40,17,735616,429107,306509,306509,128,306381,306445,306509,0,0.5833301613885505,2892581830656,0.5833301613885505
quota_lru_resident_hit_first,64,40,18,768731,438622,330109,330109,128,329981,330045,330109,0,0.5705793053747019,3115299373056,0.5705793053747019
quota_lru_resident_hit_first,64,40,19,780563,439183,341380,341380,128,341252,341316,341380,0,0.5626490110343432,3221665873920,0.5626490110343432
quota_lru_resident_hit_first,64,40,20,791661,435646,356015,356015,128,355887,355951,356015,0,0.5502936231543553,3359779061760,0.5502936231543551
quota_lru_resident_hit_first,64,40,21,774079,434133,339946,339946,128,339818,339882,339946,0,0.5608381056713849,3208132952064,0.5608381056713849
quota_lru_resident_hit_first,64,40,22,785935,431652,354283,354283,128,354155,354219,354283,0,0.549220991557826,3343433859072,0.5492209915578261
quota_lru_resident_hit_first,64,40,23,785459,431361,354098,354098,128,353970,354034,354098,0,0.54918334375187,3341687980032,0.54918334375187
quota_lru_resident_hit_first,64,40,24,776115,428285,347830,347830,128,347702,347766,347830,0,0.5518318805847071,3282535710720,0.5518318805847071
quota_lru_resident_hit_first,64,40,25,761251,427007,334244,334244,128,334116,334180,334244,0,0.560927998780954,3154322128896,0.560927998780954
quota_lru_resident_hit_first,64,40,26,778850,431250,347600,347600,128,347472,347536,347600,0,0.553700969377929,3280365158400,0.553700969377929
quota_lru_resident_hit_first,64,40,27,786252,430104,356148,356148,128,356020,356084,356148,0,0.5470307229743135,3361034207232,0.5470307229743137
quota_lru_resident_hit_first,64,40,28,756158,438025,318133,318133,128,318005,318069,318133,0,0.579277082302905,3002279657472,0.579277082302905
quota_lru_resident_hit_first,64,40,29,771640,434583,337057,337057,128,336929,336993,337057,0,0.5631939764657093,3180868927488,0.5631939764657095
quota_lru_resident_hit_first,64,40,30,768942,438446,330496,330496,128,330368,330432,330496,0,0.5701938507715797,3118951563264,0.5701938507715796
quota_lru_resident_hit_first,64,40,31,779981,439680,340301,340301,128,340173,340237,340301,0,0.5637060389932576,3211483152384,0.5637060389932576
quota_lru_resident_hit_first,64,40,32,798364,435768,362596,362596,128,362468,362532,362596,0,0.5458262146088751,3421885169664,0.5458262146088751
quota_lru_resident_hit_first,64,40,33,785681,436595,349086,349086,128,348958,349022,349086,0,0.5556899046814165,3294388813824,0.5556899046814165
quota_lru_resident_hit_first,64,40,34,783716,431991,351725,351725,128,351597,351661,351725,0,0.5512086010748791,3319293542400,0.5512086010748791
quota_lru_resident_hit_first,64,40,35,794747,435742,359005,359005,128,358877,358941,359005,0,0.5482776279746888,3387996241920,0.5482776279746888
quota_lru_resident_hit_first,64,40,36,781106,432449,348657,348657,128,348529,348593,348657,0,0.5536367663287697,3290340261888,0.5536367663287698
quota_lru_resident_hit_first,64,40,37,768246,435115,333131,333131,128,333003,333067,333131,0,0.5663745727280064,3143818543104,0.5663745727280064
quota_lru_resident_hit_first,64,40,38,776922,434489,342433,342433,128,342305,342369,342433,0,0.5592440425164946,3231603228672,0.5592440425164946
quota_lru_resident_hit_first,64,40,39,783331,437082,346249,346249,128,346121,346185,346249,0,0.5579786833407588,3267615522816,0.557978683340759
quota_lru_resident_hit_first,64,40,40,764502,441737,322765,322765,128,322637,322701,322765,0,0.5778101299931198,3045992693760,0.5778101299931198
quota_lru_resident_hit_first,64,40,41,745064,441392,303672,303672,128,303544,303608,303672,0,0.5924215906284561,2865808539648,0.592421590628456
quota_lru_resident_hit_first,64,40,42,737151,441169,295982,295982,127,295855,295918,295982,0,0.5984784664200414,2793236594688,0.5984784664200415
quota_lru_resident_hit_first,64,40,43,733987,440226,293761,293761,125,293636,293697,293761,0,0.599773565471868,2772276609024,0.5997735654718681
quota_lru_resident_hit_first,64,40,44,739696,440164,299532,299532,126,299406,299468,299532,0,0.5950606735740088,2826738597888,0.5950606735740087
quota_lru_resident_hit_first,64,40,45,731526,436266,295260,295260,128,295132,295196,295260,0,0.5963779824640546,2786422947840,0.5963779824640546
quota_lru_resident_hit_first,64,40,46,752250,442902,309348,309348,126,309222,309284,309348,0,0.5887696909272183,2919373996032,0.5887696909272184
quota_lru_resident_hit_first,64,40,47,746547,435649,310898,310898,121,310777,310834,310898,0,0.583552006772514,2934001631232,0.583552006772514
quota_lru_miss_bypass,64,40,0,835525,423926,411599,411599,128,411471,0,64,411535,0.5073767990185811,3884335497216,0.5073767990185811
quota_lru_miss_bypass,64,40,1,833321,429821,403500,403500,128,403372,0,64,403436,0.5157928337339392,3807903744000,0.5157928337339392
quota_lru_miss_bypass,64,40,2,771712,409397,362315,362315,128,362187,0,64,362251,0.5305049033836458,3419233320960,0.5305049033836458
quota_lru_miss_bypass,64,40,3,812190,425771,386419,386419,128,386291,0,64,386355,0.5242258584813898,3646707204096,0.5242258584813898
quota_lru_miss_bypass,64,40,4,783878,443325,340553,340553,128,340425,0,64,340489,0.5655535682848607,3213861322752,0.5655535682848607
quota_lru_miss_bypass,64,40,5,789848,419067,370781,370781,128,370653,0,64,370717,0.5305666406701036,3499128520704,0.5305666406701036
quota_lru_miss_bypass,64,40,6,785541,420936,364605,364605,128,364477,0,64,364541,0.5358549076369025,3440844472320,0.5358549076369025
quota_lru_miss_bypass,64,40,7,785500,441574,343926,343926,128,343798,0,64,343862,0.5621565881604074,3245692944384,0.5621565881604074
quota_lru_miss_bypass,64,40,8,811106,441970,369136,369136,128,369008,0,64,369072,0.5448979541514919,3483604353024,0.5448979541514919
quota_lru_miss_bypass,64,40,9,792899,424913,367986,367986,128,367858,0,64,367922,0.5358980147534553,3472751591424,0.5358980147534553
quota_lru_miss_bypass,64,40,10,790926,427907,363019,363019,128,362891,0,64,362955,0.5410202724401524,3425877098496,0.5410202724401525
quota_lru_miss_bypass,64,40,11,802109,436597,365512,365512,128,365384,0,64,365448,0.5443113093108293,3449403998208,0.5443113093108294
quota_lru_miss_bypass,64,40,12,775408,436109,339299,339299,128,339171,0,64,339235,0.5624252006685513,3202027094016,0.5624252006685513
quota_lru_miss_bypass,64,40,13,765542,431792,333750,333750,128,333622,0,64,333686,0.5640343704199117,3149660160000,0.5640343704199117
quota_lru_miss_bypass,64,40,14,769261,425209,344052,344052,128,343924,0,64,343988,0.5527499769259068,3246882029568,0.5527499769259068
quota_lru_miss_bypass,64,40,15,783090,444126,338964,338964,128,338836,0,64,338900,0.5671455388269547,3198865637376,0.5671455388269547
quota_lru_miss_bypass,64,40,16,751494,435770,315724,315724,128,315596,0,64,315660,0.5798715625141385,2979545481216,0.5798715625141385
quota_lru_miss_bypass,64,40,17,735616,432981,302635,302635,128,302507,0,64,302571,0.588596495997912,2856022179840,0.588596495997912
quota_lru_miss_bypass,64,40,18,768731,440020,328711,328711,128,328583,0,64,328647,0.5723978869071236,3102106189824,0.5723978869071236
quota_lru_miss_bypass,64,40,19,780563,441561,339002,339002,128,338874,0,64,338938,0.5656955300212795,3199224250368,0.5656955300212796
quota_lru_miss_bypass,64,40,20,791661,432025,359636,359636,128,359508,0,64,359572,0.5457196956778217,3393951105024,0.5457196956778216
quota_lru_miss_bypass,64,40,21,774079,422727,351352,351352,128,351224,0,64,351288,0.5461031755156773,3315773472768,0.5461031755156773
quota_lru_miss_bypass,64,40,22,785935,430921,355014,355014,128,354886,0,64,354950,0.5482908891956714,3350332440576,0.5482908891956714
quota_lru_miss_bypass,64,40,23,785459,434218,351241,351241,128,351113,0,64,351177,0.5528207073825623,3314725945344,0.5528207073825623
quota_lru_miss_bypass,64,40,24,776115,436200,339915,339915,128,339787,0,64,339851,0.5620301115169788,3207840399360,0.5620301115169788
quota_lru_miss_bypass,64,40,25,761251,428966,332285,332285,128,332157,0,64,332221,0.5635013944152454,3135834685440,0.5635013944152454
quota_lru_miss_bypass,64,40,26,778850,439976,338874,338874,128,338746,0,64,338810,0.5649046671374462,3198016290816,0.5649046671374462
quota_lru_miss_bypass,64,40,27,786252,435875,350377,350377,128,350249,0,64,350313,0.5543706089141903,3306572218368,0.5543706089141904
quota_lru_miss_bypass,64,40,28,756158,438345,317813,317813,128,317685,0,64,317749,0.579700274281301,2999259758592,0.579700274281301
quota_lru_miss_bypass,64,40,29,771640,443758,327882,327882,128,327754,0,64,327818,0.5750842361723083,3094282764288,0.5750842361723083
quota_lru_miss_bypass,64,40,30,768942,418431,350511,350511,128,350383,0,64,350447,0.5441645793831004,3307836801024,0.5441645793831005
quota_lru_miss_bypass,64,40,31,779981,443529,336452,336452,128,336324,0,64,336388,0.5686407745829706,3175159431168,0.5686407745829707
quota_lru_miss_bypass,64,40,32,798364,440214,358150,358150,128,358022,0,64,358086,0.5513951029856056,3379927449600,0.5513951029856056
quota_lru_miss_bypass,64,40,33,785681,432602,353079,353079,128,352951,0,64,353015,0.5506076893802956,3332071489536,0.5506076893802956
quota_lru_miss_bypass,64,40,34,783716,429342,354374,354374,128,354246,0,64,354310,0.5478285501380602,3344292642816,0.5478285501380602
quota_lru_miss_bypass,64,40,35,794747,437087,357660,357660,128,357532,0,64,357596,0.5499699904497909,3375303229440,0.549969990449791
quota_lru_miss_bypass,64,40,36,781106,436588,344518,344518,128,344390,0,64,344454,0.5589356630214081,3251279757312,0.5589356630214082
quota_lru_miss_bypass,64,40,37,768246,424454,343792,343792,128,343664,0,64,343728,0.5524975073088568,3244428361728,0.5524975073088567
quota_lru_miss_bypass,64,40,38,776922,433089,343833,343833,128,343705,0,64,343769,0.557442059820677,3244815286272,0.557442059820677
quota_lru_miss_bypass,64,40,39,783331,432714,350617,350617,128,350489,0,64,350553,0.5524024965180747,3308837142528,0.5524024965180747
quota_lru_miss_bypass,64,40,40,764502,413170,351332,351332,128,351204,0,64,351268,0.5404433212731948,3315584729088,0.5404433212731948
quota_lru_miss_bypass,64,40,41,745064,416017,329047,329047,128,328919,0,64,328983,0.5583641136868779,3105277083648,0.5583641136868779
quota_lru_miss_bypass,64,40,42,737151,436395,300756,300756,127,300629,0,64,300692,0.5920021813712523,2838289711104,0.5920021813712523
quota_lru_miss_bypass,64,40,43,733987,427715,306272,306272,125,306147,0,64,306208,0.5827283044522586,2890345218048,0.5827283044522586
quota_lru_miss_bypass,64,40,44,739696,423011,316685,316685,126,316559,0,64,316621,0.5718714174471675,2988614615040,0.5718714174471675
quota_lru_miss_bypass,64,40,45,731526,408208,323318,323318,128,323190,0,64,323254,0.5580225446532318,3051211456512,0.5580225446532318
quota_lru_miss_bypass,64,40,46,752250,420700,331550,331550,126,331424,0,64,331486,0.559255566633433,3128898355200,0.559255566633433
quota_lru_miss_bypass,64,40,47,746547,443445,303102,303102,121,302981,0,64,303038,0.5939947518374596,2860429344768,0.5939947518374596
quota_lru_no_admission,64,40,0,835525,0,835525,835525,128,835397,0,0,835525,0.0,7885003161600,0.0
quota_lru_no_admission,64,40,1,833321,0,833321,833321,128,833193,0,0,833321,0.0,7864203608064,0.0
quota_lru_no_admission,64,40,2,771712,0,771712,771712,128,771584,0,0,771712,0.0,7282788139008,0.0
quota_lru_no_admission,64,40,3,812190,0,812190,812190,128,812062,0,0,812190,0.0,7664786472960,0.0
quota_lru_no_admission,64,40,4,783878,0,783878,783878,128,783750,0,0,783878,0.0,7397600919552,0.0
quota_lru_no_admission,64,40,5,789848,0,789848,789848,128,789720,0,0,789848,0.0,7453940908032,0.0
quota_lru_no_admission,64,40,6,785541,0,785541,785541,128,785413,0,0,785541,0.0,7413294956544,0.0
quota_lru_no_admission,64,40,7,785500,0,785500,785500,128,785372,0,0,785500,0.0,7412908032000,0.0
quota_lru_no_admission,64,40,8,811106,0,811106,811106,128,810978,0,0,811106,0.0,7654556565504,0.0
quota_lru_no_admission,64,40,9,792899,0,792899,792899,128,792771,0,0,792899,0.0,7482733756416,0.0
quota_lru_no_admission,64,40,10,790926,0,790926,790926,128,790798,0,0,790926,0.0,7464114192384,0.0
quota_lru_no_admission,64,40,11,802109,0,802109,802109,128,801981,0,0,802109,0.0,7569650221056,0.0
quota_lru_no_admission,64,40,12,775408,0,775408,775408,128,775280,0,0,775408,0.0,7317667971072,0.0
quota_lru_no_admission,64,40,13,765542,0,765542,765542,128,765414,0,0,765542,0.0,7224560713728,0.0
quota_lru_no_admission,64,40,14,769261,0,769261,769261,128,769133,0,0,769261,0.0,7259657601024,0.0
quota_lru_no_admission,64,40,15,783090,0,783090,783090,128,782962,0,0,783090,0.0,7390164418560,0.0
quota_lru_no_admission,64,40,16,751494,0,751494,751494,128,751366,0,0,751494,0.0,7091987152896,0.0
quota_lru_no_admission,64,40,17,735616,0,735616,735616,128,735488,0,0,735616,0.0,6942143545344,0.0
quota_lru_no_admission,64,40,18,768731,0,768731,768731,128,768603,0,0,768731,0.0,7254655893504,0.0
quota_lru_no_admission,64,40,19,780563,0,780563,780563,128,780435,0,0,780563,0.0,7366316654592,0.0
quota_lru_no_admission,64,40,20,791661,0,791661,791661,128,791533,0,0,791661,0.0,7471050522624,0.0
quota_lru_no_admission,64,40,21,774079,0,774079,774079,128,773951,0,0,774079,0.0,7305125953536,0.0
quota_lru_no_admission,64,40,22,785935,0,785935,785935,128,785807,0,0,785935,0.0,7417013207040,0.0
quota_lru_no_admission,64,40,23,785459,0,785459,785459,128,785331,0,0,785459,0.0,7412521107456,0.0
quota_lru_no_admission,64,40,24,776115,0,776115,776115,128,775987,0,0,776115,0.0,7324340060160,0.0
quota_lru_no_admission,64,40,25,761251,0,761251,761251,128,761123,0,0,761251,0.0,7184065757184,0.0
quota_lru_no_admission,64,40,26,778850,0,778850,778850,128,778722,0,0,778850,0.0,7350150758400,0.0
quota_lru_no_admission,64,40,27,786252,0,786252,786252,128,786124,0,0,786252,0.0,7420004794368,0.0
quota_lru_no_admission,64,40,28,756158,0,756158,756158,128,756030,0,0,756158,0.0,7136002179072,0.0
quota_lru_no_admission,64,40,29,771640,0,771640,771640,128,771512,0,0,771640,0.0,7282108661760,0.0
quota_lru_no_admission,64,40,30,768942,0,768942,768942,128,768814,0,0,768942,0.0,7256647139328,0.0
quota_lru_no_admission,64,40,31,779981,0,779981,779981,128,779853,0,0,779981,0.0,7360824213504,0.0
quota_lru_no_admission,64,40,32,798364,0,798364,798364,128,798236,0,0,798364,0.0,7534307966976,0.0
quota_lru_no_admission,64,40,33,785681,0,785681,785681,128,785553,0,0,785681,0.0,7414616162304,0.0
quota_lru_no_admission,64,40,34,783716,0,783716,783716,128,783588,0,0,783716,0.0,7396072095744,0.0
quota_lru_no_admission,64,40,35,794747,0,794747,794747,128,794619,0,0,794747,0.0,7500173672448,0.0
quota_lru_no_admission,64,40,36,781106,0,781106,781106,128,780978,0,0,781106,0.0,7371441045504,0.0
quota_lru_no_admission,64,40,37,768246,0,768246,768246,128,768118,0,0,768246,0.0,7250078859264,0.0
quota_lru_no_admission,64,40,38,776922,0,776922,776922,128,776794,0,0,776922,0.0,7331955867648,0.0
quota_lru_no_admission,64,40,39,783331,0,783331,783331,128,783203,0,0,783331,0.0,7392438779904,0.0
quota_lru_no_admission,64,40,40,764502,0,764502,764502,128,764374,0,0,764502,0.0,7214746042368,0.0
quota_lru_no_admission,64,40,41,745064,0,745064,745064,128,744936,0,0,745064,0.0,7031306059776,0.0
quota_lru_no_admission,64,40,42,737151,0,737151,737151,127,737024,0,0,737151,0.0,6956629622784,0.0
quota_lru_no_admission,64,40,43,733987,0,733987,733987,125,733862,0,0,733987,0.0,6926770372608,0.0
quota_lru_no_admission,64,40,44,739696,0,739696,739696,126,739570,0,0,739696,0.0,6980647256064,0.0
quota_lru_no_admission,64,40,45,731526,0,731526,731526,128,731398,0,0,731526,0.0,6903545462784,0.0
quota_lru_no_admission,64,40,46,752250,0,752250,752250,126,752124,0,0,752250,0.0,7099121664000,0.0
quota_lru_no_admission,64,40,47,746547,0,746547,746547,121,746426,0,0,746547,0.0,7045301403648,0.0
quota_lru_window_frequency,64,40,0,835525,226,835299,835299,128,835171,833524,833588,1711,0.0002704886149427007,7882870358016,0.00027048861494272103
quota_lru_window_frequency,64,40,1,833321,849,832472,832472,128,832344,830618,830682,1790,0.0010188150784631613,7856191438848,0.0010188150784631311
quota_lru_window_frequency,64,40,2,771712,338,771374,771374,128,771246,766986,767050,4324,0.0004379872283960856,7279598370816,0.00043798722839605286
quota_lru_window_frequency,64,40,3,812190,997,811193,811193,128,811065,809064,809128,2065,0.0012275452788140706,7655377600512,0.0012275452788140795
quota_lru_window_frequency,64,40,4,783878,1157,782721,782721,128,782593,778928,778992,3729,0.0014759949890161478,7386682097664,0.0014759949890161828
quota_lru_window_frequency,64,40,5,789848,740,789108,789108,128,788980,785528,785592,3516,0.0009368891229704955,7446957391872,0.000936889122970519
quota_lru_window_frequency,64,40,6,785541,1020,784521,784521,128,784393,780245,780309,4212,0.0012984681894388707,7403669028864,0.001298468189438906
quota_lru_window_frequency,64,40,7,785500,823,784677,784677,128,784549,779929,779993,4684,0.0010477402928071292,7405141229568,0.0010477402928070756
quota_lru_window_frequency,64,40,8,811106,766,810340,810340,128,810212,806906,806970,3370,0.0009443895125914492,7647327682560,0.0009443895125914592
quota_lru_window_frequency,64,40,9,792899,1166,791733,791733,128,791605,787924,787988,3745,0.0014705529960310204,7471729999872,0.0014705529960310493
quota_lru_window_frequency,64,40,10,790926,1040,789886,789886,128,789758,785554,785618,4268,0.001314914416772239,7454299521024,0.0013149144167722282
quota_lru_window_frequency,64,40,11,802109,1321,800788,800788,128,800660,797279,797343,3445,0.0016469083378942264,7557183700992,0.0016469083378942706
quota_lru_window_frequency,64,40,12,775408,1575,773833,773833,128,773705,769270,769334,4499,0.002031188741926831,7302804406272,0.0020311887419268704
quota_lru_window_frequency,64,40,13,765542,1401,764141,764141,128,764013,759403,759467,4674,0.001830075946192371,7211339218944,0.0018300759461923333
quota_lru_window_frequency,64,40,14,769261,1015,768246,768246,128,768118,763630,763694,4552,0.0013194481456878745,7250078859264,0.0013194481456878515
quota_lru_window_frequency,64,40,15,783090,1064,782026,782026,128,781898,777518,777582,4444,0.0013587199427907393,7380123254784,0.001358719942790687
quota_lru_window_frequency,64,40,16,751494,735,750759,750759,128,750631,745060,745124,5635,0.000978051720971824,7085050822656,0.000978051720971873
quota_lru_window_frequency,64,40,17,735616,846,734770,734770,128,734642,728424,728488,6282,0.0011500565512441274,6934159687680,0.0011500565512441163
quota_lru_window_frequency,64,40,18,768731,977,767754,767754,128,767626,762281,762345,5409,0.0012709257204405703,7245435764736,0.0012709257204405189
quota_lru_window_frequency,64,40,19,780563,884,779679,779679,128,779551,774654,774718,4961,0.0011325158891723026,7357974183936,0.001132515889172292
quota_lru_window_frequency,64,40,20,791661,1038,790623,790623,128,790495,786483,786547,4076,0.0013111672799342143,7461254725632,0.001311167279934189
quota_lru_window_frequency,64,40,21,774079,1427,772652,772652,128,772524,767638,767702,4950,0.0018434810917231962,7291659091968,0.0018434810917231648
quota_lru_window_frequency,64,40,22,785935,1276,784659,784659,128,784531,780367,780431,4228,0.001623543931750081,7404971360256,0.0016235439317501266
quota_lru_window_frequency,64,40,23,785459,1240,784219,784219,128,784091,780192,780256,3963,0.0015786947504580124,7400818999296,0.0015786947504580207
quota_lru_window_frequency,64,40,24,776115,1711,774404,774404,128,774276,769816,769880,4524,0.0022045701990040137,7308193038336,0.0022045701990039968
quota_lru_window_frequency,64,40,25,761251,1338,759913,759913,128,759785,754882,754946,4967,0.0017576331591025824,7171438804992,0.0017576331591026007
quota_lru_window_frequency,64,40,26,778850,833,778017,778017,128,777889,773396,773460,4557,0.0010695255825897156,7342289584128,0.0010695255825897698
quota_lru_window_frequency,64,40,27,786252,1076,785176,785176,128,785048,781029,781093,4083,0.0013685179815122886,7409850384384,0.0013685179815122739
quota_lru_window_frequency,64,40,28,756158,690,755468,755468,128,755340,749823,749887,5581,0.0009125077034164818,7129490522112,0.000912507703416443
quota_lru_window_frequency,64,40,29,771640,504,771136,771136,128,771008,766003,766067,5069,0.0006531543206676688,7277352321024,0.0006531543206677037
quota_lru_window_frequency,64,40,30,768942,680,768262,768262,128,768134,762959,763023,5239,0.0008843319782246256,7250229854208,0.0008843319782245729
quota_lru_window_frequency,64,40,31,779981,347,779634,779634,128,779506,774200,774264,5370,0.00044488263175641456,7357549510656,0.00044488263175646026
quota_lru_window_frequency,64,40,32,798364,306,798058,798058,128,797930,794140,794204,3854,0.0003832838154024981,7531420188672,0.0003832838154025353
quota_lru_window_frequency,64,40,33,785681,692,784989,784989,128,784861,780236,780300,4689,0.0008807645851178787,7408085630976,0.0008807645851178769
quota_lru_window_frequency,64,40,34,783716,593,783123,783123,128,782995,778755,778819,4304,0.0007566516442180586,7390475845632,0.0007566516442180093
quota_lru_window_frequency,64,40,35,794747,868,793879,793879,128,793751,790057,790121,3758,0.0010921714709209345,7491982196736,0.0010921714709208885
quota_lru_window_frequency,64,40,36,781106,1430,779676,779676,128,779548,775056,775120,4556,0.001830737441525222,7357945872384,0.0018307374415251765
quota_lru_window_frequency,64,40,37,768246,673,767573,767573,128,767445,762864,762928,4645,0.0008760214827021553,7243727634432,0.0008760214827021606
quota_lru_window_frequency,64,40,38,776922,88,776834,776834,128,776706,772282,772346,4488,0.00011326748373710617,7331125395456,0.0001132674837370784
quota_lru_window_frequency,64,40,39,783331,51,783280,783280,128,783152,778681,778745,4535,6.510657691320782e-05,7391957483520,6.510657691316535e-05
quota_lru_window_frequency,64,40,40,764502,50,764452,764452,128,764324,759821,759885,4567,6.54020525780181e-05,7214274183168,6.54020525779897e-05
quota_lru_window_frequency,64,40,41,745064,9,745055,745055,128,744927,739637,739701,5354,1.2079499210806052e-05,7031221125120,1.2079499210781997e-05
quota_lru_window_frequency,64,40,42,737151,46,737105,737105,127,736978,731101,731165,5940,6.240241144623014e-05,6956195512320,6.240241144628289e-05
quota_lru_window_frequency,64,40,43,733987,0,733987,733987,125,733862,729063,729127,4860,0.0,6926770372608,0.0
quota_lru_window_frequency,64,40,44,739696,2,739694,739694,126,739568,735110,735174,4520,2.703813458501871e-06,6980628381696,2.703813458460047e-06
quota_lru_window_frequency,64,40,45,731526,12,731514,731514,128,731386,727181,727245,4269,1.6404064927288983e-05,6903432216576,1.6404064927311168e-05
quota_lru_window_frequency,64,40,46,752250,0,752250,752250,126,752124,748717,748781,3469,0.0,7099121664000,0.0
quota_lru_window_frequency,64,40,47,746547,0,746547,746547,121,746426,743468,743532,3015,0.0,7045301403648,0.0
quota_lru_random_order_seed731,64,40,0,835525,164954,670571,670571,128,670443,670507,670571,0,0.1974255707489303,6328301912064,0.1974255707489303
quota_lru_random_order_seed731,64,40,1,833321,164325,668996,668996,128,668868,668932,668996,0,0.19719291845519313,6313438347264,0.19719291845519316
quota_lru_random_order_seed731,64,40,2,771712,182721,588991,588991,128,588863,588927,588991,0,0.23677356319455964,5558416441344,0.23677356319455967
quota_lru_random_order_seed731,64,40,3,812190,171951,640239,640239,128,640111,640175,640239,0,0.21171277656705942,6042053246976,0.21171277656705945
quota_lru_random_order_seed731,64,40,4,783878,180059,603819,603819,128,603691,603755,603819,0,0.229702836410768,5698351005696,0.22970283641076805
quota_lru_random_order_seed731,64,40,5,789848,178056,611792,611792,128,611664,611728,611792,0,0.22543071578328994,5773593673728,0.22543071578329
quota_lru_random_order_seed731,64,40,6,785541,181299,604242,604242,128,604114,604178,604242,0,0.23079508262458612,5702342934528,0.23079508262458615
quota_lru_random_order_seed731,64,40,7,785500,182198,603302,603302,128,603174,603238,603302,0,0.23195162316995543,5693471981568,0.23195162316995543
quota_lru_random_order_seed731,64,40,8,811106,172178,638928,638928,128,638800,638864,638928,0,0.2122755842023114,6029681098752,0.2122755842023114
quota_lru_random_order_seed731,64,40,9,792899,176555,616344,616344,128,616216,616280,616344,0,0.22267022659884803,5816551735296,0.22267022659884805
quota_lru_random_order_seed731,64,40,10,790926,176268,614658,614658,128,614530,614594,614658,0,0.22286282155347023,5800640643072,0.22286282155347026
quota_lru_random_order_seed731,64,40,11,802109,174358,627751,627751,128,627623,627687,627751,0,0.2173744466151109,5924201693184,0.21737444661511096
quota_lru_random_order_seed731,64,40,12,775408,179127,596281,596281,128,596153,596217,596281,0,0.2310099973175412,5627213512704,0.23100999731754124
quota_lru_random_order_seed731,64,40,13,765542,183099,582443,582443,128,582315,582379,582443,0,0.23917564287785648,5496621760512,0.23917564287785642
quota_lru_random_order_seed731,64,40,14,769261,181730,587531,587531,128,587403,587467,587531,0,0.23623971577916988,5544638152704,0.2362397157791699
quota_lru_random_order_seed731,64,40,15,783090,176800,606290,606290,128,606162,606226,606290,0,0.22577226117049126,5721670287360,0.2257722611704912
quota_lru_random_order_seed731,64,40,16,751494,191343,560151,560151,128,560023,560087,560151,0,0.2546168033277711,5286248054784,0.25461680332777104
quota_lru_random_order_seed731,64,40,17,735616,191566,544050,544050,128,543922,543986,544050,0,0.2604157603967287,5134299955200,0.26041576039672876
quota_lru_random_order_seed731,64,40,18,768731,185238,583493,583493,128,583365,583429,583493,0,0.2409659555813412,5506530803712,0.24096595558134115
quota_lru_random_order_seed731,64,40,19,780563,181702,598861,598861,128,598733,598797,598861,0,0.23278326028776666,5651561447424,0.23278326028776664
quota_lru_random_order_seed731,64,40,20,791661,176023,615638,615638,128,615510,615574,615638,0,0.22234643363763024,5809889083392,0.2223464336376303
quota_lru_random_order_seed731,64,40,21,774079,180533,593546,593546,128,593418,593482,593546,0,0.23322296561462072,5601402814464,0.23322296561462075
quota_lru_random_order_seed731,64,40,22,785935,176526,609409,609409,128,609281,609345,609409,0,0.22460636057689248,5751104864256,0.22460636057689254
quota_lru_random_order_seed731,64,40,23,785459,175560,609899,609899,128,609771,609835,609899,0,0.22351262128258764,5755729084416,0.22351262128258764
quota_lru_random_order_seed731,64,40,24,776115,177957,598158,598158,128,598030,598094,598158,0,0.229292050791442,5644927107072,0.229292050791442
quota_lru_random_order_seed731,64,40,25,761251,181720,579531,579531,128,579403,579467,579531,0,0.23871233009874535,5469140680704,0.23871233009874537
quota_lru_random_order_seed731,64,40,26,778850,178821,600029,600029,128,599901,599965,600029,0,0.22959619952494062,5662584078336,0.2295961995249406
quota_lru_random_order_seed731,64,40,27,786252,175612,610640,610640,128,610512,610576,610640,0,0.22335332692317475,5762722037760,0.22335332692317478
quota_lru_random_order_seed731,64,40,28,756158,187944,568214,568214,128,568086,568150,568214,0,0.24855122871145977,5362340069376,0.24855122871145974
quota_lru_random_order_seed731,64,40,29,771640,181791,589849,589849,128,589721,589785,589849,0,0.23559043077082578,5566513545216,0.23559043077082575
quota_lru_random_order_seed731,64,40,30,768942,184807,584135,584135,128,584007,584071,584135,0,0.2403393233819976,5512589475840,0.2403393233819976
quota_lru_random_order_seed731,64,40,31,779981,183100,596881,596881,128,596753,596817,596881,0,0.234749307995964,5632875823104,0.23474930799596405
quota_lru_random_order_seed731,64,40,32,798364,174511,623853,623853,128,623725,623789,623853,0,0.21858575787485407,5887415549952,0.21858575787485413
quota_lru_random_order_seed731,64,40,33,785681,178379,607302,607302,128,607174,607238,607302,0,0.22703743631321108,5731220717568,0.22703743631321105
quota_lru_random_order_seed731,64,40,34,783716,177002,606714,606714,128,606586,606650,606714,0,0.22584967003353257,5725671653376,0.2258496700335325
quota_lru_random_order_seed731,64,40,35,794747,175654,619093,619093,128,618965,619029,619093,0,0.2210187644621496,5842494554112,0.22101876446214963
quota_lru_random_order_seed731,64,40,36,781106,178272,602834,602834,128,602706,602770,602834,0,0.22823022739551355,5689055379456,0.22823022739551357
quota_lru_random_order_seed731,64,40,37,768246,182902,585344,585344,128,585216,585280,585344,0,0.23807738667041548,5523999031296,0.23807738667041545
quota_lru_random_order_seed731,64,40,38,776922,180116,596806,596806,128,596678,596742,596806,0,0.23183279659991607,5632168034304,0.23183279659991607
quota_lru_random_order_seed731,64,40,39,783331,179548,603783,603783,128,603655,603719,603783,0,0.22921089552181645,5698011267072,0.2292108955218164
quota_lru_random_order_seed731,64,40,40,764502,186418,578084,578084,128,577956,578020,578084,0,0.2438423967497796,5455485075456,0.2438423967497796
quota_lru_random_order_seed731,64,40,41,745064,194175,550889,550889,128,550761,550825,550889,0,0.26061519547314055,5198840856576,0.2606151954731406
quota_lru_random_order_seed731,64,40,42,737151,197484,539667,539667,127,539540,539603,539667,0,0.26790169178363726,5092936777728,0.2679016917836373
quota_lru_random_order_seed731,64,40,43,733987,197495,536492,536492,125,536367,536428,536492,0,0.2690715230651224,5062973718528,0.2690715230651224
quota_lru_random_order_seed731,64,40,44,739696,194270,545426,545426,126,545300,545362,545426,0,0.26263492029157925,5147285520384,0.2626349202915792
quota_lru_random_order_seed731,64,40,45,731526,196785,534741,534741,128,534613,534677,534741,0,0.2690061597263802,5046449209344,0.2690061597263802
quota_lru_random_order_seed731,64,40,46,752250,191217,561033,561033,126,560907,560969,561033,0,0.2541934197407777,5294571651072,0.2541934197407777
quota_lru_random_order_seed731,64,40,47,746547,189584,556963,556963,121,556842,556899,556963,0,0.2539478425336918,5256162312192,0.25394784253369174
quota_lru_random_order_seed732,64,40,0,835525,163993,671532,671532,128,671404,671468,671532,0,0.1962753957092846,6337371045888,0.19627539570928454
quota_lru_random_order_seed732,64,40,1,833321,165820,667501,667501,128,667373,667437,667501,0,0.1989869450067861,6299329757184,0.19898694500678615
quota_lru_random_order_seed732,64,40,2,771712,182472,589240,589240,128,589112,589176,589240,0,0.23645090396417318,5560766300160,0.23645090396417312
quota_lru_random_order_seed732,64,40,3,812190,172121,640069,640069,128,639941,640005,640069,0,0.21192208719634567,6040448925696,0.21192208719634564
quota_lru_random_order_seed732,64,40,4,783878,180492,603386,603386,128,603258,603322,603386,0,0.23025521828651907,5694264705024,0.23025521828651907
quota_lru_random_order_seed732,64,40,5,789848,178610,611238,611238,128,611110,611174,611238,0,0.22613211655913543,5768365473792,0.22613211655913545
quota_lru_random_order_seed732,64,40,6,785541,181357,604184,604184,128,604056,604120,604184,0,0.23086891709026008,5701795577856,0.23086891709026014
quota_lru_random_order_seed732,64,40,7,785500,182006,603494,603494,128,603366,603430,603494,0,0.23170719287078295,5695283920896,0.2317071928707829
quota_lru_random_order_seed732,64,40,8,811106,171924,639182,639182,128,639054,639118,639182,0,0.21196243154408917,6032078143488,0.21196243154408922
quota_lru_random_order_seed732,64,40,9,792899,176804,616095,616095,128,615967,616031,616095,0,0.22298426407398672,5814201876480,0.22298426407398675
quota_lru_random_order_seed732,64,40,10,790926,175864,615062,615062,128,614934,614998,615062,0,0.22235202787618563,5804453265408,0.2223520278761857
quota_lru_random_order_seed732,64,40,11,802109,173906,628203,628203,128,628075,628139,628203,0,0.21681093218004036,5928467300352,0.21681093218004033
quota_lru_random_order_seed732,64,40,12,775408,179544,595864,595864,128,595736,595800,595864,0,0.2315477787177847,5623278206976,0.23154777871778465
quota_lru_random_order_seed732,64,40,13,765542,182329,583213,583213,128,583085,583149,583213,0,0.23816981955268293,5503888392192,0.2381698195526829
quota_lru_random_order_seed732,64,40,14,769261,181083,588178,588178,128,588050,588114,588178,0,0.23539864883310085,5550744010752,0.2353986488331009
quota_lru_random_order_seed732,64,40,15,783090,178068,605022,605022,128,604894,604958,605022,0,0.2273914875684787,5709703938048,0.2273914875684787
quota_lru_random_order_seed732,64,40,16,751494,191051,560443,560443,128,560315,560379,560443,0,0.25422824400460947,5289003712512,0.2542282440046095
quota_lru_random_order_seed732,64,40,17,735616,191135,544481,544481,128,544353,544417,544481,0,0.2598298568818514,5138367381504,0.25982985688185145
quota_lru_random_order_seed732,64,40,18,768731,184862,583869,583869,128,583741,583805,583869,0,0.24047683780151966,5510079184896,0.24047683780151963
quota_lru_random_order_seed732,64,40,19,780563,181737,598826,598826,128,598698,598762,598826,0,0.23282809971776783,5651231145984,0.23282809971776786
quota_lru_random_order_seed732,64,40,20,791661,175720,615941,615941,128,615813,615877,615941,0,0.22196369405591534,5812748550144,0.22196369405591532
quota_lru_random_order_seed732,64,40,21,774079,180403,593676,593676,128,593548,593612,593676,0,0.2330550240996074,5602629648384,0.23305502409960743
quota_lru_random_order_seed732,64,40,22,785935,175995,609940,609940,128,609812,609876,609940,0,0.2239307321852316,5756116008960,0.22393073218523163
quota_lru_random_order_seed732,64,40,23,785459,175912,609547,609547,128,609419,609483,609547,0,0.22396076688916927,5752407195648,0.22396076688916922
quota_lru_random_order_seed732,64,40,24,776115,178139,597976,597976,128,597848,597912,597976,0,0.22952655212178608,5643209539584,0.22952655212178608
quota_lru_random_order_seed732,64,40,25,761251,182233,579018,579018,128,578890,578954,579018,0,0.23938622083911876,5464299405312,0.23938622083911876
quota_lru_random_order_seed732,64,40,26,778850,178645,600205,600205,128,600077,600141,600205,0,0.2293702253322206,5664245022720,0.22937022533222062
quota_lru_random_order_seed732,64,40,27,786252,176050,610202,610202,128,610074,610138,610202,0,0.22391040022791675,5758588551168,0.22391040022791675
quota_lru_random_order_seed732,64,40,28,756158,188011,568147,568147,128,568019,568083,568147,0,0.24863983453193644,5361707778048,0.2486398345319365
quota_lru_random_order_seed732,64,40,29,771640,182692,588948,588948,128,588820,588884,588948,0,0.23675807371313048,5558010642432,0.2367580737131305
quota_lru_random_order_seed732,64,40,30,768942,184789,584153,584153,128,584025,584089,584153,0,0.2403159145943387,5512759345152,0.24031591459433876
quota_lru_random_order_seed732,64,40,31,779981,182712,597269,597269,128,597141,597205,597269,0,0.23425185998120468,5636537450496,0.23425185998120468
quota_lru_random_order_seed732,64,40,32,798364,174640,623724,623724,128,623596,623660,623724,0,0.21874733830683749,5886198153216,0.21874733830683746
quota_lru_random_order_seed732,64,40,33,785681,178152,607529,607529,128,607401,607465,607529,0,0.2267485149825438,5733362958336,0.22674851498254378
quota_lru_random_order_seed732,64,40,34,783716,177342,606374,606374,128,606246,606310,606374,0,0.22628350065584982,5722463010816,0.2262835006558498
quota_lru_random_order_seed732,64,40,35,794747,175204,619543,619543,128,619415,619479,619543,0,0.22045254653367677,5846741286912,0.22045254653367674
quota_lru_random_order_seed732,64,40,36,781106,178341,602765,602765,128,602637,602701,602765,0,0.22831856367765707,5688404213760,0.22831856367765702
quota_lru_random_order_seed732,64,40,37,768246,182513,585733,585733,128,585605,585669,585733,0,0.23757103844341526,5527670095872,0.2375710384434152
quota_lru_random_order_seed732,64,40,38,776922,180218,596704,596704,128,596576,596640,596704,0,0.23196408391061135,5631205441536,0.2319640839106114
quota_lru_random_order_seed732,64,40,39,783331,179460,603871,603871,128,603743,603807,603871,0,0.22909855476165247,5698841739264,0.22909855476165253
quota_lru_random_order_seed732,64,40,40,764502,186615,577887,577887,128,577759,577823,577887,0,0.244100080836937,5453625950208,0.24410008083693702
quota_lru_random_order_seed732,64,40,41,745064,193681,551383,551383,128,551255,551319,551383,0,0.2599521651831252,5203502825472,0.25995216518312525
quota_lru_random_order_seed732,64,40,42,737151,197339,539812,539812,127,539685,539748,539812,0,0.26770498853016544,5094305169408,0.26770498853016544
quota_lru_random_order_seed732,64,40,43,733987,197463,536524,536524,125,536399,536460,536524,0,0.2690279255627143,5063275708416,0.2690279255627144
quota_lru_random_order_seed732,64,40,44,739696,195194,544502,544502,126,544376,544438,544502,0,0.2638840821094071,5138565562368,0.26388408210940706
quota_lru_random_order_seed732,64,40,45,731526,196257,535269,535269,128,535141,535205,535269,0,0.2682843808695795,5051432042496,0.2682843808695795
quota_lru_random_order_seed732,64,40,46,752250,191042,561208,561208,126,561082,561144,561208,0,0.2539607843137255,5296223158272,0.2539607843137255
quota_lru_random_order_seed732,64,40,47,746547,189185,557362,557362,121,557241,557298,557362,0,0.2534133818768276,5259927748608,0.2534133818768276
quota_lru_random_order_seed733,64,40,0,835525,164991,670534,670534,128,670406,670470,670534,0,0.1974698542832351,6327952736256,0.19746985428323505
quota_lru_random_order_seed733,64,40,1,833321,165089,668232,668232,128,668104,668168,668232,0,0.19810973202403395,6306228338688,0.19810973202403392
quota_lru_random_order_seed733,64,40,2,771712,181845,589867,589867,128,589739,589803,589867,0,0.2356384246972964,5566683414528,0.23563842469729646
quota_lru_random_order_seed733,64,40,3,812190,171567,640623,640623,128,640495,640559,640623,0,0.21123998079267167,6045677125632,0.2112399807926717
quota_lru_random_order_seed733,64,40,4,783878,180414,603464,603464,128,603336,603400,603464,0,0.23015571300636067,5695000805376,0.23015571300636073
quota_lru_random_order_seed733,64,40,5,789848,178824,611024,611024,128,610896,610960,611024,0,0.22640305476496744,5766345916416,0.22640305476496747
quota_lru_random_order_seed733,64,40,6,785541,180968,604573,604573,128,604445,604509,604573,0,0.2303737169670329,5705466642432,0.2303737169670329
quota_lru_random_order_seed733,64,40,7,785500,182213,603287,603287,128,603159,603223,603287,0,0.2319707192870783,5693330423808,0.23197071928707824
quota_lru_random_order_seed733,64,40,8,811106,172923,638183,638183,128,638055,638119,638183,0,0.21319408314079788,6022650396672,0.2131940831407979
quota_lru_random_order_seed733,64,40,9,792899,176972,615927,615927,128,615799,615863,615927,0,0.2231961447801044,5812616429568,0.2231961447801044
quota_lru_random_order_seed733,64,40,10,790926,175941,614985,614985,128,614857,614921,614985,0,0.22244938211665818,5803726602240,0.2224493821166582
quota_lru_random_order_seed733,64,40,11,802109,174252,627857,627857,128,627729,627793,627857,0,0.21724229499980677,5925202034688,0.21724229499980674
quota_lru_random_order_seed733,64,40,12,775408,178309,597099,597099,128,596971,597035,597099,0,0.22995506881538494,5634933129216,0.22995506881538497
quota_lru_random_order_seed733,64,40,13,765542,182164,583378,583378,128,583250,583314,583378,0,0.2379542859830029,5505445527552,0.23795428598300294
quota_lru_random_order_seed733,64,40,14,769261,180998,588263,588263,128,588135,588199,588263,0,0.2352881531755802,5551546171392,0.23528815317558016
quota_lru_random_order_seed733,64,40,15,783090,177762,605328,605328,128,605200,605264,605328,0,0.22700072788568365,5712591716352,0.2270007278856836
quota_lru_random_order_seed733,64,40,16,751494,191574,559920,559920,128,559792,559856,559920,0,0.2549241910115051,5284068065280,0.2549241910115051
quota_lru_random_order_seed733,64,40,17,735616,190626,544990,544990,128,544862,544926,544990,0,0.2591379197842352,5143170908160,0.2591379197842353
quota_lru_random_order_seed733,64,40,18,768731,185080,583651,583651,128,583523,583587,583651,0,0.24076042204620343,5508021878784,0.2407604220462034
quota_lru_random_order_seed733,64,40,19,780563,182258,598305,598305,128,598177,598241,598305,0,0.23349556666149945,5646314373120,0.2334955666614995
quota_lru_random_order_seed733,64,40,20,791661,176195,615466,615466,128,615338,615402,615466,0,0.22256369835068293,5808265887744,0.2225636983506829
quota_lru_random_order_seed733,64,40,21,774079,180872,593207,593207,128,593079,593143,593207,0,0.23366090541146317,5598203609088,0.23366090541146312
quota_lru_random_order_seed733,64,40,22,785935,176213,609722,609722,128,609594,609658,609722,0,0.2242081088130698,5754058702848,0.22420810881306974
quota_lru_random_order_seed733,64,40,23,785459,176521,608938,608938,128,608810,608874,608938,0,0.22473610971419258,5746659950592,0.22473610971419256
quota_lru_random_order_seed733,64,40,24,776115,178200,597915,597915,128,597787,597851,597915,0,0.22960514872151677,5642633871360,0.22960514872151683
quota_lru_random_order_seed733,64,40,25,761251,181901,579350,579350,128,579222,579286,579350,0,0.23895009661727867,5467432550400,0.23895009661727862
quota_lru_random_order_seed733,64,40,26,778850,178085,600765,600765,128,600637,600701,600765,0,0.22865121653720227,5669529845760,0.22865121653720233
quota_lru_random_order_seed733,64,40,27,786252,175347,610905,610905,128,610777,610841,610905,0,0.22301628485523725,5765222891520,0.22301628485523728
quota_lru_random_order_seed733,64,40,28,756158,188030,568128,568128,128,568000,568064,568128,0,0.2486649615556537,5361528471552,0.24866496155565376
quota_lru_random_order_seed733,64,40,29,771640,181651,589989,589989,128,589861,589925,589989,0,0.23540899901508475,5567834750976,0.23540899901508472
quota_lru_random_order_seed733,64,40,30,768942,185209,583733,583733,128,583605,583669,583733,0,0.24086211963971274,5508795727872,0.2408621196397127
quota_lru_random_order_seed733,64,40,31,779981,182619,597362,597362,128,597234,597298,597362,0,0.2341326263075639,5637415108608,0.23413262630756393
quota_lru_random_order_seed733,64,40,32,798364,174354,624010,624010,128,623882,623946,624010,0,0.21838910572119985,5888897187840,0.21838910572119985
quota_lru_random_order_seed733,64,40,33,785681,178796,606885,606885,128,606757,606821,606885,0,0.22756818607042809,5727285411840,0.22756818607042806
quota_lru_random_order_seed733,64,40,34,783716,176574,607142,607142,128,607014,607078,607142,0,0.22530355383838022,5729710768128,0.2253035538383802
quota_lru_random_order_seed733,64,40,35,794747,175979,618768,618768,128,618640,618704,618768,0,0.2214276996327133,5839427469312,0.22142769963271325
quota_lru_random_order_seed733,64,40,36,781106,177823,603283,603283,128,603155,603219,603283,0,0.22765540144359409,5693292675072,0.22765540144359409
quota_lru_random_order_seed733,64,40,37,768246,183084,585162,585162,128,585034,585098,585162,0,0.23831428995399911,5522281463808,0.23831428995399906
quota_lru_random_order_seed733,64,40,38,776922,180335,596587,596587,128,596459,596523,596587,0,0.23211467817876183,5630101291008,0.23211467817876186
quota_lru_random_order_seed733,64,40,39,783331,179182,604149,604149,128,604021,604085,604149,0,0.22874366008749814,5701465276416,0.22874366008749814
quota_lru_random_order_seed733,64,40,40,764502,186643,577859,577859,128,577731,577795,577859,0,0.24413670598638068,5453361709056,0.2441367059863807
quota_lru_random_order_seed733,64,40,41,745064,193801,551263,551263,128,551135,551199,551263,0,0.2601132251726026,5202370363392,0.2601132251726026
quota_lru_random_order_seed733,64,40,42,737151,196919,540232,540232,127,540105,540168,540232,0,0.26713522738217815,5098268786688,0.2671352273821781
quota_lru_random_order_seed733,64,40,43,733987,196942,537045,537045,125,536920,536981,537045,0,0.2683181037266328,5068192481280,0.2683181037266328
quota_lru_random_order_seed733,64,40,44,739696,195102,544594,544594,126,544468,544530,544594,0,0.263759706690316,5139433783296,0.263759706690316
quota_lru_random_order_seed733,64,40,45,731526,196707,534819,534819,128,534691,534755,534819,0,0.26889953330435284,5047185309696,0.2688995333043528
quota_lru_random_order_seed733,64,40,46,752250,191090,561160,561160,126,561034,561096,561160,0,0.25402459288800266,5295770173440,0.2540245928880026
quota_lru_random_order_seed733,64,40,47,746547,189722,556825,556825,121,556704,556761,556825,0,0.25413269358794555,5254859980800,0.25413269358794555
permanent_k,96,40,0,835525,685199,150326,150326,32,150294,0,0,0,0.8200819843810777,1418654121984,0.8200819843810778
permanent_k,96,40,1,833321,680382,152939,152939,32,152907,0,0,0,0.8164704837631597,1443313483776,0.8164704837631597
permanent_k,96,40,2,771712,675929,95783,95783,32,95751,0,0,0,0.8758824535578039,903921795072,0.8758824535578039
permanent_k,96,40,3,812190,677023,135167,135167,32,135135,0,0,0,0.833577118654502,1275595849728,0.833577118654502
permanent_k,96,40,4,783878,673398,110480,110480,32,110448,0,0,0,0.8590597006166776,1042620088320,0.8590597006166776
permanent_k,96,40,5,789848,676428,113420,113420,32,113388,0,0,0,0.8564027509090356,1070365409280,0.8564027509090357
permanent_k,96,40,6,785541,671657,113884,113884,32,113852,0,0,0,0.8550247536411212,1074744262656,0.8550247536411212
permanent_k,96,40,7,785500,672639,112861,112861,32,112829,0,0,0,0.856319541693189,1065090023424,0.856319541693189
permanent_k,96,40,8,811106,675742,135364,135364,32,135332,0,0,0,0.8331118250882129,1277454974976,0.8331118250882129
permanent_k,96,40,9,792899,668912,123987,123987,32,123955,0,0,0,0.8436282553011165,1170088132608,0.8436282553011165
permanent_k,96,40,10,790926,671141,119785,119785,32,119753,0,0,0,0.8485509390259013,1130433085440,0.8485509390259013
permanent_k,96,40,11,802109,674204,127905,127905,32,127873,0,0,0,0.8405391287219068,1207063019520,0.8405391287219068
permanent_k,96,40,12,775408,663961,111447,111447,32,111415,0,0,0,0.8562730846212575,1051745845248,0.8562730846212574
permanent_k,96,40,13,765542,665435,100107,100107,32,100075,0,0,0,0.8692338238790295,944728178688,0.8692338238790295
permanent_k,96,40,14,769261,659990,109271,109271,32,109239,0,0,0,0.8579532824360002,1031210532864,0.8579532824360003
permanent_k,96,40,15,783090,663075,120015,120015,32,119983,0,0,0,0.8467417538213998,1132603637760,0.8467417538213998
permanent_k,96,40,16,751494,670337,81157,81157,32,81125,0,0,0,0.8920057911307342,765893541888,0.8920057911307342
permanent_k,96,40,17,735616,653141,82475,82475,32,82443,0,0,0,0.8878830803027666,778331750400,0.8878830803027666
permanent_k,96,40,18,768731,665126,103605,103605,32,103573,0,0,0,0.8652259372914582,977739448320,0.8652259372914582
permanent_k,96,40,19,780563,666027,114536,114536,32,114504,0,0,0,0.8532648870110421,1080897306624,0.853264887011042
permanent_k,96,40,20,791661,670980,120681,120681,32,120649,0,0,0,0.8475597509540068,1138888802304,0.8475597509540068
permanent_k,96,40,21,774079,663169,110910,110910,32,110878,0,0,0,0.8567200505374775,1046678077440,0.8567200505374775
permanent_k,96,40,22,785935,667343,118592,118592,32,118560,0,0,0,0.84910711445603,1119174524928,0.84910711445603
permanent_k,96,40,23,785459,663669,121790,121790,32,121758,0,0,0,0.8449441664046118,1149354639360,0.8449441664046118
permanent_k,96,40,24,776115,661654,114461,114461,32,114429,0,0,0,0.8525205671839869,1080189517824,0.8525205671839869
permanent_k,96,40,25,761251,657058,104193,104193,32,104161,0,0,0,0.8631292438367897,983288512512,0.8631292438367897
permanent_k,96,40,26,778850,663267,115583,115583,32,115551,0,0,0,0.8515978686525005,1090778038272,0.8515978686525005
permanent_k,96,40,27,786252,659589,126663,126663,32,126631,0,0,0,0.8389027945238932,1195342036992,0.8389027945238932
permanent_k,96,40,28,756158,667034,89124,89124,32,89092,0,0,0,0.8821357441169703,841079586816,0.8821357441169703
permanent_k,96,40,29,771640,666092,105548,105548,32,105516,0,0,0,0.8632160074646208,996075896832,0.8632160074646208
permanent_k,96,40,30,768942,662608,106334,106334,32,106302,0,0,0,0.8617138873933274,1003493523456,0.8617138873933274
permanent_k,96,40,31,779981,669513,110468,110468,32,110436,0,0,0,0.8583709090349637,1042506842112,0.8583709090349636
permanent_k,96,40,32,798364,671044,127320,127320,32,127288,0,0,0,0.8405238713168429,1201542266880,0.8405238713168429
permanent_k,96,40,33,785681,670945,114736,114736,32,114704,0,0,0,0.853966177112594,1082784743424,0.853966177112594
permanent_k,96,40,34,783716,668448,115268,115268,32,115236,0,0,0,0.8529212112550975,1087805325312,0.8529212112550975
permanent_k,96,40,35,794747,674249,120498,120498,32,120466,0,0,0,0.8483819378997342,1137161797632,0.8483819378997342
permanent_k,96,40,36,781106,666198,114908,114908,32,114876,0,0,0,0.8528906448036502,1084407939072,0.8528906448036502
permanent_k,96,40,37,768246,670793,97453,97453,32,97421,0,0,0,0.8731487049721053,919681892352,0.8731487049721053
permanent_k,96,40,38,776922,665020,111902,111902,32,111870,0,0,0,0.8559675231232994,1056039763968,0.8559675231232994
permanent_k,96,40,39,783331,673771,109560,109560,32,109528,0,0,0,0.8601357535958618,1033937879040,0.8601357535958618
permanent_k,96,40,40,764502,672151,92351,92351,32,92319,0,0,0,0.879201100847349,871533379584,0.879201100847349
permanent_k,96,40,41,745064,669710,75354,75354,32,75322,0,0,0,0.8988623796076579,711129563136,0.8988623796076579
permanent_k,96,40,42,737151,671781,65370,65370,31,65339,0,0,0,0.9113207470382595,616908718080,0.9113207470382595
permanent_k,96,40,43,733987,665324,68663,68663,29,68634,0,0,0,0.9064520216298109,647985364992,0.9064520216298109
permanent_k,96,40,44,739696,666789,72907,72907,30,72877,0,0,0,0.901436536090502,688036773888,0.901436536090502
permanent_k,96,40,45,731526,659893,71633,71633,32,71601,0,0,0,0.9020773014219591,676013801472,0.902077301421959
permanent_k,96,40,46,752250,674877,77373,77373,30,77343,0,0,0,0.8971445663010967,730183237632,0.8971445663010967
permanent_k,96,40,47,746547,674798,71749,71749,25,71724,0,0,0,0.9038921862923567,677108514816,0.9038921862923567
quota_lru_k,96,40,0,835525,6448,829077,829077,128,828949,828981,829077,0,0.007717303491816522,7824152199168,0.007717303491816541
quota_lru_k,96,40,1,833321,10207,823114,823114,128,822986,823018,823114,0,0.01224858127900293,7767878270976,0.012248581279002968
quota_lru_k,96,40,2,771712,115614,656098,656098,128,655970,656002,656098,0,0.14981495687510366,6191717548032,0.1498149568751037
quota_lru_k,96,40,3,812190,25869,786321,786321,128,786193,786225,786321,0,0.03185092158238836,7420655960064,0.031850921582388336
quota_lru_k,96,40,4,783878,64480,719398,719398,128,719270,719302,719398,0,0.08225769826427072,6789091295232,0.08225769826427076
quota_lru_k,96,40,5,789848,58579,731269,731269,128,731141,731173,731269,0,0.07416490261417387,6901120106496,0.07416490261417386
quota_lru_k,96,40,6,785541,72831,712710,712710,128,712582,712614,712710,0,0.09271444775002195,6725975408640,0.09271444775002191
quota_lru_k,96,40,7,785500,67119,718381,718381,128,718253,718285,718381,0,0.08544748567791216,6779493679104,0.08544748567791216
quota_lru_k,96,40,8,811106,29291,781815,781815,128,781687,781719,781815,0,0.03611241933853282,7378132008960,0.03611241933853282
quota_lru_k,96,40,9,792899,61400,731499,731499,128,731371,731403,731499,0,0.07743735330729387,6903290658816,0.07743735330729384
quota_lru_k,96,40,10,790926,68676,722250,722250,128,722122,722154,722250,0,0.08682986777524067,6816006144000,0.08682986777524071
quota_lru_k,96,40,11,802109,45629,756480,756480,128,756352,756384,756480,0,0.05688628353503077,7139040952320,0.05688628353503078
quota_lru_k,96,40,12,775408,98127,677281,677281,128,677153,677185,677281,0,0.12654886201844706,6391625416704,0.12654886201844706
quota_lru_k,96,40,13,765542,139158,626384,626384,128,626256,626288,626384,0,0.18177709387597285,5911301062656,0.18177709387597285
quota_lru_k,96,40,14,769261,127315,641946,641946,128,641818,641850,641946,0,0.16550299573226773,6058162520064,0.16550299573226768
quota_lru_k,96,40,15,783090,87949,695141,695141,128,695013,695045,695141,0,0.11231020700047249,6560173522944,0.11231020700047245
quota_lru_k,96,40,16,751494,215448,536046,536046,128,535918,535950,536046,0,0.2866929077278062,5058764734464,0.2866929077278062
quota_lru_k,96,40,17,735616,317742,417874,417874,128,417746,417778,417874,0,0.4319400339307465,3943553826816,0.4319400339307464
quota_lru_k,96,40,18,768731,130718,638013,638013,128,637885,637917,638013,0,0.17004387750721645,6021046075392,0.1700438775072164
quota_lru_k,96,40,19,780563,84815,695748,695748,128,695620,695652,695748,0,0.10865875015853942,6565901893632,0.10865875015853943
quota_lru_k,96,40,20,791661,58870,732791,732791,128,732663,732695,732791,0,0.07436263754308978,6915483500544,0.0743626375430898
quota_lru_k,96,40,21,774079,107131,666948,666948,128,666820,666852,666948,0,0.13839801880686597,6294110994432,0.13839801880686597
quota_lru_k,96,40,22,785935,83632,702303,702303,128,702175,702207,702303,0,0.10641083550166362,6627762634752,0.10641083550166364
quota_lru_k,96,40,23,785459,80297,705162,705162,128,705034,705066,705162,0,0.10222939707865082,6654743543808,0.10222939707865086
quota_lru_k,96,40,24,776115,101918,674197,674197,128,674069,674101,674197,0,0.13131816805499186,6362521141248,0.13131816805499186
quota_lru_k,96,40,25,761251,160194,601057,601057,128,600929,600961,601057,0,0.2104351915465464,5672285503488,0.21043519154654644
quota_lru_k,96,40,26,778850,102443,676407,676407,128,676279,676311,676407,0,0.13153110355010592,6383377317888,0.1315311035501059
quota_lru_k,96,40,27,786252,87084,699168,699168,128,699040,699072,699168,0,0.11075838280856519,6598177062912,0.1107583828085652
quota_lru_k,96,40,28,756158,191788,564370,564370,128,564242,564274,564370,0,0.25363482235194235,5326063534080,0.25363482235194235
quota_lru_k,96,40,29,771640,124763,646877,646877,128,646749,646781,646877,0,0.16168550101083407,6104697274368,0.16168550101083412
quota_lru_k,96,40,30,768942,134390,634552,634552,128,634424,634456,634552,0,0.17477260963765798,5988383981568,0.17477260963765795
quota_lru_k,96,40,31,779981,91774,688207,688207,128,688079,688111,688207,0,0.11766184048072965,6494736089088,0.1176618404807297
quota_lru_k,96,40,32,798364,45929,752435,752435,128,752307,752339,752435,0,0.057528896593533774,7100867543040,0.057528896593533774
quota_lru_k,96,40,33,785681,76856,708825,708825,128,708697,708729,708825,0,0.09782087132054867,6689311948800,0.09782087132054862
quota_lru_k,96,40,34,783716,88075,695641,695641,128,695513,695545,695641,0,0.11238127076645112,6564892114944,0.1123812707664511
quota_lru_k,96,40,35,794747,59441,735306,735306,128,735178,735210,735306,0,0.07479235530300837,6939218018304,0.07479235530300843
quota_lru_k,96,40,36,781106,84689,696417,696417,128,696289,696321,696417,0,0.10842190432540526,6572215369728,0.10842190432540522
quota_lru_k,96,40,37,768246,132852,635394,635394,128,635266,635298,635394,0,0.17292898368491344,5996330090496,0.17292898368491338
quota_lru_k,96,40,38,776922,103176,673746,673746,128,673618,673650,673746,0,0.13280097615976894,6358264971264,0.13280097615976894
quota_lru_k,96,40,39,783331,89271,694060,694060,128,693932,693964,694060,0,0.11396331818860737,6549971927040,0.11396331818860739
quota_lru_k,96,40,40,764502,153025,611477,611477,128,611349,611381,611477,0,0.20016298191502443,5770620960768,0.20016298191502446
quota_lru_k,96,40,41,745064,275287,469777,469777,128,469649,469681,469777,0,0.3694810110272406,4433371987968,0.3694810110272406
quota_lru_k,96,40,42,737151,333679,403472,403472,127,403345,403376,403472,0,0.4526603097601441,3807639502848,0.45266030976014415
quota_lru_k,96,40,43,733987,358864,375123,375123,125,374998,375027,375123,0,0.4889241907554221,3540104773632,0.48892419075542215
quota_lru_k,96,40,44,739696,307111,432585,432585,126,432459,432489,432585,0,0.41518542752698406,4082384240640,0.41518542752698406
quota_lru_k,96,40,45,731526,374739,356787,356787,128,356659,356691,356787,0,0.5122702405656122,3367064567808,0.5122702405656121
quota_lru_k,96,40,46,752250,218085,534165,534165,126,534039,534069,534165,0,0.28991026919242274,5041013391360,0.2899102691924227
quota_lru_k,96,40,47,746547,249721,496826,496826,121,496705,496730,496826,0,0.33450137767615434,4688638377984,0.3345013776761544
quota_lru_resident_hit_first,96,40,0,835525,663996,171529,171529,128,171401,171433,171529,0,0.7947051255198827,1618750734336,0.7947051255198827
quota_lru_resident_hit_first,96,40,1,833321,661779,171542,171542,128,171414,171446,171542,0,0.7941465533689899,1618873417728,0.7941465533689899
quota_lru_resident_hit_first,96,40,2,771712,661262,110450,110450,128,110322,110354,110450,0,0.8568766586498591,1042336972800,0.8568766586498591
quota_lru_resident_hit_first,96,40,3,812190,664712,147478,147478,128,147350,147382,147478,0,0.81841933537719,1391777021952,0.81841933537719
quota_lru_resident_hit_first,96,40,4,783878,665444,118434,118434,128,118306,118338,118434,0,0.8489127134579616,1117683449856,0.8489127134579616
quota_lru_resident_hit_first,96,40,5,789848,666145,123703,123703,128,123575,123607,123703,0,0.843383790298893,1167407972352,0.843383790298893
quota_lru_resident_hit_first,96,40,6,785541,669334,116207,116207,128,116079,116111,116207,0,0.8520675559900757,1096666841088,0.8520675559900757
quota_lru_resident_hit_first,96,40,7,785500,671202,114298,114298,128,114170,114202,114298,0,0.8544901336728199,1078651256832,0.8544901336728199
quota_lru_resident_hit_first,96,40,8,811106,664978,146128,146128,128,146000,146032,146128,0,0.819841056532685,1379036823552,0.819841056532685
quota_lru_resident_hit_first,96,40,9,792899,662381,130518,130518,128,130390,130422,130518,0,0.8353913928507919,1231722381312,0.8353913928507919
quota_lru_resident_hit_first,96,40,10,790926,656966,133960,133960,128,133832,133864,133960,0,0.8306289083934527,1264205168640,0.8306289083934527
quota_lru_resident_hit_first,96,40,11,802109,662385,139724,139724,128,139596,139628,139724,0,0.8258042236154937,1318601097216,0.8258042236154937
quota_lru_resident_hit_first,96,40,12,775408,650889,124519,124519,128,124391,124423,124519,0,0.8394148628850876,1175108714496,0.8394148628850876
quota_lru_resident_hit_first,96,40,13,765542,653337,112205,112205,128,112077,112109,112205,0,0.853430641297277,1058899230720,0.853430641297277
quota_lru_resident_hit_first,96,40,14,769261,652443,116818,116818,128,116690,116722,116818,0,0.8481425679970778,1102432960512,0.8481425679970778
quota_lru_resident_hit_first,96,40,15,783090,653133,129957,129957,128,129829,129861,129957,0,0.834045895107842,1226428121088,0.834045895107842
quota_lru_resident_hit_first,96,40,16,751494,665015,86479,86479,128,86351,86383,86479,0,0.8849238982613301,816118235136,0.8849238982613301
quota_lru_resident_hit_first,96,40,17,735616,646029,89587,89587,128,89459,89491,89587,0,0.8782149926048373,845449003008,0.8782149926048373
quota_lru_resident_hit_first,96,40,18,768731,662864,105867,105867,128,105739,105771,105867,0,0.8622834255415743,999086358528,0.8622834255415743
quota_lru_resident_hit_first,96,40,19,780563,665926,114637,114637,128,114509,114541,114637,0,0.8531354932273244,1081850462208,0.8531354932273244
quota_lru_resident_hit_first,96,40,20,791661,659350,132311,132311,128,132183,132215,132311,0,0.8328691194842237,1248643252224,0.8328691194842237
quota_lru_resident_hit_first,96,40,21,774079,655785,118294,118294,128,118166,118198,118294,0,0.8471809724847206,1116362244096,0.8471809724847206
quota_lru_resident_hit_first,96,40,22,785935,652336,133599,133599,128,133471,133503,133599,0,0.830012660080032,1260798345216,0.830012660080032
quota_lru_resident_hit_first,96,40,23,785459,652010,133449,133449,128,133321,133353,133449,0,0.8301006163275232,1259382767616,0.8301006163275231
quota_lru_resident_hit_first,96,40,24,776115,647807,128308,128308,128,128180,128212,128308,0,0.8346791390451157,1210866204672,0.8346791390451157
quota_lru_resident_hit_first,96,40,25,761251,644841,116410,116410,128,116282,116314,116410,0,0.8470806606493785,1098582589440,0.8470806606493785
quota_lru_resident_hit_first,96,40,26,778850,652323,126527,126527,128,126399,126431,126527,0,0.8375463824870001,1194058579968,0.8375463824870001
quota_lru_resident_hit_first,96,40,27,786252,650015,136237,136237,128,136109,136141,136237,0,0.8267260369448981,1285693636608,0.8267260369448981
quota_lru_resident_hit_first,96,40,28,756158,659432,96726,96726,128,96598,96630,96726,0,0.8720822896801991,912821059584,0.8720822896801991
quota_lru_resident_hit_first,96,40,29,771640,656756,114884,114884,128,114756,114788,114884,0,0.8511171012389197,1084181446656,0.8511171012389197
quota_lru_resident_hit_first,96,40,30,768942,662628,106314,106314,128,106186,106218,106314,0,0.8617398971573929,1003304779776,0.8617398971573929
quota_lru_resident_hit_first,96,40,31,779981,666435,113546,113546,128,113418,113450,113546,0,0.8544246590622079,1071554494464,0.854424659062208
quota_lru_resident_hit_first,96,40,32,798364,660153,138211,138211,128,138083,138115,138211,0,0.8268822241483834,1304322637824,0.8268822241483834
quota_lru_resident_hit_first,96,40,33,785681,660734,124947,124947,128,124819,124851,124947,0,0.8409698083573358,1179147829248,0.8409698083573358
quota_lru_resident_hit_first,96,40,34,783716,653009,130707,130707,128,130579,130611,130707,0,0.8332214730846378,1233506009088,0.8332214730846378
quota_lru_resident_hit_first,96,40,35,794747,658918,135829,135829,128,135701,135733,135829,0,0.8290915222076963,1281843265536,0.8290915222076962
quota_lru_resident_hit_first,96,40,36,781106,654418,126688,126688,128,126560,126592,126688,0,0.8378094650405963,1195577966592,0.8378094650405963
quota_lru_resident_hit_first,96,40,37,768246,657320,110926,110926,128,110798,110830,110926,0,0.8556113536549491,1046829072384,0.855611353654949
quota_lru_resident_hit_first,96,40,38,776922,657503,119419,119419,128,119291,119323,119419,0,0.8462921631772559,1126979076096,0.8462921631772559
quota_lru_resident_hit_first,96,40,39,783331,660142,123189,123189,128,123061,123093,123189,0,0.8427369783654675,1162557259776,0.8427369783654675
quota_lru_resident_hit_first,96,40,40,764502,665442,99060,99060,128,98932,98964,99060,0,0.8704254534324305,934847447040,0.8704254534324305
quota_lru_resident_hit_first,96,40,41,745064,664258,80806,80806,128,80678,80710,80806,0,0.8915448874190673,762581090304,0.8915448874190673
quota_lru_resident_hit_first,96,40,42,737151,663263,73888,73888,127,73761,73792,73888,0,0.8997654483274119,697294651392,0.8997654483274119
quota_lru_resident_hit_first,96,40,43,733987,662701,71286,71286,125,71161,71190,71286,0,0.9028783888542985,672739098624,0.9028783888542985
quota_lru_resident_hit_first,96,40,44,739696,661663,78033,78033,126,77907,77937,78033,0,0.8945066621963618,736411779072,0.8945066621963618
quota_lru_resident_hit_first,96,40,45,731526,657503,74023,74023,128,73895,73927,74023,0,0.8988101584906073,698568671232,0.8988101584906073
quota_lru_resident_hit_first,96,40,46,752250,665828,86422,86422,126,86296,86326,86422,0,0.885115320704553,815580315648,0.885115320704553
quota_lru_resident_hit_first,96,40,47,746547,655973,90574,90574,121,90453,90478,90574,0,0.8786760913914329,854763503616,0.8786760913914329
quota_lru_miss_bypass,96,40,0,835525,648788,186737,186737,128,186609,0,96,186641,0.7765033960683403,1762271428608,0.7765033960683403
quota_lru_miss_bypass,96,40,1,833321,653443,179878,179878,128,179750,0,96,179782,0.7841432053194387,1697541783552,0.7841432053194387
quota_lru_miss_bypass,96,40,2,771712,621168,150544,150544,128,150416,0,96,150448,0.8049220434566263,1420711428096,0.8049220434566263
quota_lru_miss_bypass,96,40,3,812190,639439,172751,172751,128,172623,0,96,172655,0.7873022322362994,1630282973184,0.7873022322362994
quota_lru_miss_bypass,96,40,4,783878,642136,141742,141742,128,141614,0,96,141646,0.8191784946126821,1337645334528,0.8191784946126821
quota_lru_miss_bypass,96,40,5,789848,635164,154684,154684,128,154556,0,96,154588,0.804159787705989,1459781369856,0.804159787705989
quota_lru_miss_bypass,96,40,6,785541,629361,156180,156180,128,156052,0,96,156084,0.8011816060523894,1473899397120,0.8011816060523893
quota_lru_miss_bypass,96,40,7,785500,639939,145561,145561,128,145433,0,96,145465,0.8146900063653724,1373685940224,0.8146900063653724
quota_lru_miss_bypass,96,40,8,811106,645808,165298,165298,128,165170,0,96,165202,0.796206661028275,1559947640832,0.796206661028275
quota_lru_miss_bypass,96,40,9,792899,628619,164280,164280,128,164152,0,96,164184,0.7928109380892144,1550340587520,0.7928109380892143
quota_lru_miss_bypass,96,40,10,790926,632268,158658,158658,128,158530,0,96,158562,0.7994022196766828,1497284739072,0.7994022196766828
quota_lru_miss_bypass,96,40,11,802109,643856,158253,158253,128,158125,0,96,158157,0.8027038719176571,1493462679552,0.8027038719176571
quota_lru_miss_bypass,96,40,12,775408,630416,144992,144992,128,144864,0,96,144896,0.8130119885273301,1368316182528,0.8130119885273301
quota_lru_miss_bypass,96,40,13,765542,615279,150263,150263,128,150135,0,96,150167,0.8037168437525309,1418059579392,0.8037168437525308
quota_lru_miss_bypass,96,40,14,769261,629803,139458,139458,128,139330,0,96,139362,0.818711724629222,1316090806272,0.818711724629222
quota_lru_miss_bypass,96,40,15,783090,634097,148993,148993,128,148865,0,96,148897,0.8097370672591911,1406074355712,0.8097370672591911
quota_lru_miss_bypass,96,40,16,751494,632617,118877,118877,128,118749,0,96,118781,0.841812442946983,1121864122368,0.8418124429469829
quota_lru_miss_bypass,96,40,17,735616,602747,132869,132869,128,132741,0,96,132773,0.8193772294240473,1253909200896,0.8193772294240473
quota_lru_miss_bypass,96,40,18,768731,623592,145139,145139,128,145011,0,96,145043,0.8111966344534044,1369703448576,0.8111966344534044
quota_lru_miss_bypass,96,40,19,780563,635798,144765,144765,128,144637,0,96,144669,0.8145377118823208,1366173941760,0.8145377118823208
quota_lru_miss_bypass,96,40,20,791661,629262,162399,162399,128,162271,0,96,162303,0.7948629527032404,1532589244416,0.7948629527032404
quota_lru_miss_bypass,96,40,21,774079,613979,160100,160100,128,159972,0,96,160004,0.7931735649720506,1510893158400,0.7931735649720506
quota_lru_miss_bypass,96,40,22,785935,630185,155750,155750,128,155622,0,96,155654,0.8018283954779976,1469841408000,0.8018283954779976
quota_lru_miss_bypass,96,40,23,785459,629536,155923,155923,128,155795,0,96,155827,0.8014880471163994,1471474040832,0.8014880471163994
quota_lru_miss_bypass,96,40,24,776115,629698,146417,146417,128,146289,0,96,146321,0.8113462566758792,1381764169728,0.8113462566758792
quota_lru_miss_bypass,96,40,25,761251,620095,141156,141156,128,141028,0,96,141060,0.8145736425962002,1332115144704,0.8145736425962002
quota_lru_miss_bypass,96,40,26,778850,630678,148172,148172,128,148044,0,96,148076,0.8097554086152661,1398326427648,0.8097554086152661
quota_lru_miss_bypass,96,40,27,786252,622431,163821,163821,128,163693,0,96,163725,0.791643137314754,1546008920064,0.7916431373147541
quota_lru_miss_bypass,96,40,28,756158,618133,138025,138025,128,137897,0,96,137929,0.8174653974433914,1302567321600,0.8174653974433914
quota_lru_miss_bypass,96,40,29,771640,625201,146439,146439,128,146311,0,96,146343,0.8102236794360065,1381971787776,0.8102236794360065
quota_lru_miss_bypass,96,40,30,768942,616870,152072,152072,128,151944,0,96,151976,0.8022321579520952,1435131445248,0.8022321579520952
quota_lru_miss_bypass,96,40,31,779981,630636,149345,149345,128,149217,0,96,149249,0.8085273872055858,1409396244480,0.8085273872055858
quota_lru_miss_bypass,96,40,32,798364,645921,152443,152443,128,152315,0,96,152347,0.8090557690477026,1438632640512,0.8090557690477025
quota_lru_miss_bypass,96,40,33,785681,619233,166448,166448,128,166320,0,96,166352,0.7881481160929181,1570800402432,0.7881481160929181
quota_lru_miss_bypass,96,40,34,783716,630701,153015,153015,128,152887,0,96,152919,0.8047570803709507,1444030709760,0.8047570803709507
quota_lru_miss_bypass,96,40,35,794747,640958,153789,153789,128,153661,0,96,153693,0.8064931355513139,1451335090176,0.8064931355513139
quota_lru_miss_bypass,96,40,36,781106,634225,146881,146881,128,146753,0,96,146785,0.8119576600358979,1386143023104,0.8119576600358978
quota_lru_miss_bypass,96,40,37,768246,626665,141581,141581,128,141453,0,96,141485,0.8157087703678249,1336125947904,0.8157087703678249
quota_lru_miss_bypass,96,40,38,776922,637546,139376,139376,128,139248,0,96,139280,0.820604899848376,1315316957184,0.820604899848376
quota_lru_miss_bypass,96,40,39,783331,636656,146675,146675,128,146547,0,96,146579,0.8127547613971616,1384198963200,0.8127547613971616
quota_lru_miss_bypass,96,40,40,764502,628071,136431,136431,128,136303,0,96,136335,0.8215426512945683,1287524450304,0.8215426512945683
quota_lru_miss_bypass,96,40,41,745064,625172,119892,119892,128,119764,0,96,119796,0.8390849645131156,1131442864128,0.8390849645131156
quota_lru_miss_bypass,96,40,42,737151,641703,95448,95448,127,95321,0,96,95352,0.8705177093973961,900760338432,0.8705177093973961
quota_lru_miss_bypass,96,40,43,733987,616979,117008,117008,125,116883,0,96,116912,0.8405857324448526,1104226025472,0.8405857324448526
quota_lru_miss_bypass,96,40,44,739696,616696,123000,123000,126,122874,0,96,122904,0.8337154723021349,1160773632000,0.8337154723021349
quota_lru_miss_bypass,96,40,45,731526,613818,117708,117708,128,117580,0,96,117612,0.8390925271282224,1110832054272,0.8390925271282224
quota_lru_miss_bypass,96,40,46,752250,638315,113935,113935,126,113809,0,96,113839,0.8485410435360585,1075225559040,0.8485410435360585
quota_lru_miss_bypass,96,40,47,746547,644260,102287,102287,121,102166,0,96,102191,0.8629865232865446,965301239808,0.8629865232865446
quota_lru_no_admission,96,40,0,835525,0,835525,835525,128,835397,0,0,835525,0.0,7885003161600,0.0
quota_lru_no_admission,96,40,1,833321,0,833321,833321,128,833193,0,0,833321,0.0,7864203608064,0.0
quota_lru_no_admission,96,40,2,771712,0,771712,771712,128,771584,0,0,771712,0.0,7282788139008,0.0
quota_lru_no_admission,96,40,3,812190,0,812190,812190,128,812062,0,0,812190,0.0,7664786472960,0.0
quota_lru_no_admission,96,40,4,783878,0,783878,783878,128,783750,0,0,783878,0.0,7397600919552,0.0
quota_lru_no_admission,96,40,5,789848,0,789848,789848,128,789720,0,0,789848,0.0,7453940908032,0.0
quota_lru_no_admission,96,40,6,785541,0,785541,785541,128,785413,0,0,785541,0.0,7413294956544,0.0
quota_lru_no_admission,96,40,7,785500,0,785500,785500,128,785372,0,0,785500,0.0,7412908032000,0.0
quota_lru_no_admission,96,40,8,811106,0,811106,811106,128,810978,0,0,811106,0.0,7654556565504,0.0
quota_lru_no_admission,96,40,9,792899,0,792899,792899,128,792771,0,0,792899,0.0,7482733756416,0.0
quota_lru_no_admission,96,40,10,790926,0,790926,790926,128,790798,0,0,790926,0.0,7464114192384,0.0
quota_lru_no_admission,96,40,11,802109,0,802109,802109,128,801981,0,0,802109,0.0,7569650221056,0.0
quota_lru_no_admission,96,40,12,775408,0,775408,775408,128,775280,0,0,775408,0.0,7317667971072,0.0
quota_lru_no_admission,96,40,13,765542,0,765542,765542,128,765414,0,0,765542,0.0,7224560713728,0.0
quota_lru_no_admission,96,40,14,769261,0,769261,769261,128,769133,0,0,769261,0.0,7259657601024,0.0
quota_lru_no_admission,96,40,15,783090,0,783090,783090,128,782962,0,0,783090,0.0,7390164418560,0.0
quota_lru_no_admission,96,40,16,751494,0,751494,751494,128,751366,0,0,751494,0.0,7091987152896,0.0
quota_lru_no_admission,96,40,17,735616,0,735616,735616,128,735488,0,0,735616,0.0,6942143545344,0.0
quota_lru_no_admission,96,40,18,768731,0,768731,768731,128,768603,0,0,768731,0.0,7254655893504,0.0
quota_lru_no_admission,96,40,19,780563,0,780563,780563,128,780435,0,0,780563,0.0,7366316654592,0.0
quota_lru_no_admission,96,40,20,791661,0,791661,791661,128,791533,0,0,791661,0.0,7471050522624,0.0
quota_lru_no_admission,96,40,21,774079,0,774079,774079,128,773951,0,0,774079,0.0,7305125953536,0.0
quota_lru_no_admission,96,40,22,785935,0,785935,785935,128,785807,0,0,785935,0.0,7417013207040,0.0
quota_lru_no_admission,96,40,23,785459,0,785459,785459,128,785331,0,0,785459,0.0,7412521107456,0.0
quota_lru_no_admission,96,40,24,776115,0,776115,776115,128,775987,0,0,776115,0.0,7324340060160,0.0
quota_lru_no_admission,96,40,25,761251,0,761251,761251,128,761123,0,0,761251,0.0,7184065757184,0.0
quota_lru_no_admission,96,40,26,778850,0,778850,778850,128,778722,0,0,778850,0.0,7350150758400,0.0
quota_lru_no_admission,96,40,27,786252,0,786252,786252,128,786124,0,0,786252,0.0,7420004794368,0.0
quota_lru_no_admission,96,40,28,756158,0,756158,756158,128,756030,0,0,756158,0.0,7136002179072,0.0
quota_lru_no_admission,96,40,29,771640,0,771640,771640,128,771512,0,0,771640,0.0,7282108661760,0.0
quota_lru_no_admission,96,40,30,768942,0,768942,768942,128,768814,0,0,768942,0.0,7256647139328,0.0
quota_lru_no_admission,96,40,31,779981,0,779981,779981,128,779853,0,0,779981,0.0,7360824213504,0.0
quota_lru_no_admission,96,40,32,798364,0,798364,798364,128,798236,0,0,798364,0.0,7534307966976,0.0
quota_lru_no_admission,96,40,33,785681,0,785681,785681,128,785553,0,0,785681,0.0,7414616162304,0.0
quota_lru_no_admission,96,40,34,783716,0,783716,783716,128,783588,0,0,783716,0.0,7396072095744,0.0
quota_lru_no_admission,96,40,35,794747,0,794747,794747,128,794619,0,0,794747,0.0,7500173672448,0.0
quota_lru_no_admission,96,40,36,781106,0,781106,781106,128,780978,0,0,781106,0.0,7371441045504,0.0
quota_lru_no_admission,96,40,37,768246,0,768246,768246,128,768118,0,0,768246,0.0,7250078859264,0.0
quota_lru_no_admission,96,40,38,776922,0,776922,776922,128,776794,0,0,776922,0.0,7331955867648,0.0
quota_lru_no_admission,96,40,39,783331,0,783331,783331,128,783203,0,0,783331,0.0,7392438779904,0.0
quota_lru_no_admission,96,40,40,764502,0,764502,764502,128,764374,0,0,764502,0.0,7214746042368,0.0
quota_lru_no_admission,96,40,41,745064,0,745064,745064,128,744936,0,0,745064,0.0,7031306059776,0.0
quota_lru_no_admission,96,40,42,737151,0,737151,737151,127,737024,0,0,737151,0.0,6956629622784,0.0
quota_lru_no_admission,96,40,43,733987,0,733987,733987,125,733862,0,0,733987,0.0,6926770372608,0.0
quota_lru_no_admission,96,40,44,739696,0,739696,739696,126,739570,0,0,739696,0.0,6980647256064,0.0
quota_lru_no_admission,96,40,45,731526,0,731526,731526,128,731398,0,0,731526,0.0,6903545462784,0.0
quota_lru_no_admission,96,40,46,752250,0,752250,752250,126,752124,0,0,752250,0.0,7099121664000,0.0
quota_lru_no_admission,96,40,47,746547,0,746547,746547,121,746426,0,0,746547,0.0,7045301403648,0.0
quota_lru_window_frequency,96,40,0,835525,6817,828708,828708,128,828580,826901,826997,1711,0.008158941982585799,7820669878272,0.008158941982585821
quota_lru_window_frequency,96,40,1,833321,11195,822126,822126,128,821998,820240,820336,1790,0.013434198826142626,7758554333184,0.013434198826142607
quota_lru_window_frequency,96,40,2,771712,135076,636636,636636,128,636508,632216,632312,4324,0.17503420965334218,6008051073024,0.17503420965334215
quota_lru_window_frequency,96,40,3,812190,28399,783791,783791,128,783663,781630,781726,2065,0.03496595624176609,7396779884544,0.03496595624176613
quota_lru_window_frequency,96,40,4,783878,75204,708674,708674,128,708546,704849,704945,3729,0.09593839857732964,6687886934016,0.09593839857732966
quota_lru_window_frequency,96,40,5,789848,68516,721332,721332,128,721204,717720,717816,3516,0.08674580425600875,6807342809088,0.08674580425600875
quota_lru_window_frequency,96,40,6,785541,85779,699762,699762,128,699634,695454,695550,4212,0.10919735570772245,6603782750208,0.10919735570772249
quota_lru_window_frequency,96,40,7,785500,81102,704398,704398,128,704270,699618,699714,4684,0.1032488860598345,6647533535232,0.10324888605983451
quota_lru_window_frequency,96,40,8,811106,33703,777403,777403,128,777275,773937,774033,3370,0.041551905669542574,7336495153152,0.04155190566954259
quota_lru_window_frequency,96,40,9,792899,69898,723001,723001,128,722873,719160,719256,3745,0.08815498569174636,6823093469184,0.0881549856917464
quota_lru_window_frequency,96,40,10,790926,78401,712525,712525,128,712397,708161,708257,4268,0.09912558191284646,6724229529600,0.09912558191284648
quota_lru_window_frequency,96,40,11,802109,51871,750238,750238,128,750110,746697,746793,3445,0.06466826827775278,7080134049792,0.06466826827775274
quota_lru_window_frequency,96,40,12,775408,113022,662386,662386,128,662258,657791,657887,4499,0.14575810412066936,6251058561024,0.14575810412066936
quota_lru_window_frequency,96,40,13,765542,158010,607532,607532,128,607404,602762,602858,4674,0.20640278390996183,5733391269888,0.2064027839099618
quota_lru_window_frequency,96,40,14,769261,145541,623720,623720,128,623592,619072,619168,4552,0.1891958646025211,5886160404480,0.18919586460252114
quota_lru_window_frequency,96,40,15,783090,99539,683551,683551,128,683423,679011,679107,4444,0.12711054923444304,6450796560384,0.1271105492344431
quota_lru_window_frequency,96,40,16,751494,250892,500602,500602,128,500474,494871,494967,5635,0.33385762228307875,4724273184768,0.3338576222830788
quota_lru_window_frequency,96,40,17,735616,359306,376310,376310,128,376182,369932,370028,6282,0.4884423394814686,3551306711040,0.48844233948146865
quota_lru_window_frequency,96,40,18,768731,154877,613854,613854,128,613726,608349,608445,5409,0.20147099570591012,5793053147136,0.2014709957059101
quota_lru_window_frequency,96,40,19,780563,102608,677955,677955,128,677827,672898,672994,4961,0.13145383524456067,6397986078720,0.13145383524456067
quota_lru_window_frequency,96,40,20,791661,68741,722920,722920,128,722792,718748,718844,4076,0.08683135837182834,6822329057280,0.08683135837182832
quota_lru_window_frequency,96,40,21,774079,123225,650854,650854,128,650726,645808,645904,4950,0.15918917836551566,6142228955136,0.15918917836551572
quota_lru_window_frequency,96,40,22,785935,96191,689744,689744,128,689616,685420,685516,4228,0.12239052847881822,6509241040896,0.12239052847881826
quota_lru_window_frequency,96,40,23,785459,91510,693949,693949,128,693821,689890,689986,3963,0.11650512630194575,6548924399616,0.11650512630194576
quota_lru_window_frequency,96,40,24,776115,115956,660159,660159,128,660031,655539,655635,4524,0.1494056937438395,6230041952256,0.1494056937438395
quota_lru_window_frequency,96,40,25,761251,180895,580356,580356,128,580228,575293,575389,4967,0.23762858768001618,5476926357504,0.23762858768001616
quota_lru_window_frequency,96,40,26,778850,116670,662180,662180,128,662052,657527,657623,4557,0.1497977787764011,6249114501120,0.1497977787764011
quota_lru_window_frequency,96,40,27,786252,97615,688637,688637,128,688509,684458,684554,4083,0.12415230740271567,6498794078208,0.12415230740271566
quota_lru_window_frequency,96,40,28,756158,222529,533629,533629,128,533501,527953,528049,5580,0.2942890242515453,5035955060736,0.29428902425154535
quota_lru_window_frequency,96,40,29,771640,145384,626256,626256,128,626128,621091,621187,5069,0.18840910269037375,5910093103104,0.1884091026903737
quota_lru_window_frequency,96,40,30,768942,157512,611430,611430,128,611302,606095,606191,5239,0.2048424978737018,5770177413120,0.2048424978737018
quota_lru_window_frequency,96,40,31,779981,110817,669164,669164,128,669036,663698,663794,5370,0.14207653776181728,6315023794176,0.14207653776181728
quota_lru_window_frequency,96,40,32,798364,53456,744908,744908,128,744780,740958,741054,3854,0.06695692691554228,7029833859072,0.06695692691554234
quota_lru_window_frequency,96,40,33,785681,90796,694885,694885,128,694757,690100,690196,4689,0.11556344114214293,6557757603840,0.1155634411421429
quota_lru_window_frequency,96,40,34,783716,101466,682250,682250,128,682122,677850,677946,4304,0.12946781742365857,6438518784000,0.12946781742365854
quota_lru_window_frequency,96,40,35,794747,67203,727544,727544,128,727416,723690,723786,3758,0.08455898543813314,6865966596096,0.08455898543813312
quota_lru_window_frequency,96,40,36,781106,98245,682861,682861,128,682733,678209,678305,4556,0.12577678317667512,6444284903424,0.12577678317667518
quota_lru_window_frequency,96,40,37,768246,154881,613365,613365,128,613237,608624,608720,4645,0.20160339266328753,5788438364160,0.20160339266328753
quota_lru_window_frequency,96,40,38,776922,121551,655371,655371,128,655243,650787,650883,4488,0.15645199904237492,6184856715264,0.15645199904237495
quota_lru_window_frequency,96,40,39,783331,103269,680062,680062,128,679934,675431,675527,4535,0.13183315865196193,6417870225408,0.131833158651962
quota_lru_window_frequency,96,40,40,764502,176795,587707,587707,128,587579,583044,583140,4567,0.23125511771061422,5546299097088,0.23125511771061424
quota_lru_window_frequency,96,40,41,745064,310660,434404,434404,128,434276,428955,429051,5353,0.4169574694254453,4099550478336,0.4169574694254453
quota_lru_window_frequency,96,40,42,737151,376364,360787,360787,127,360660,354751,354847,5940,0.51056567785976,3404813303808,0.51056567785976
quota_lru_window_frequency,96,40,43,733987,395821,338166,338166,125,338041,333210,333306,4860,0.5392752187709047,3191334764544,0.5392752187709047
quota_lru_window_frequency,96,40,44,739696,341015,398681,398681,126,398555,394065,394161,4520,0.46102047327550777,3762425954304,0.46102047327550777
quota_lru_window_frequency,96,40,45,731526,407089,324437,324437,128,324309,320072,320168,4269,0.556492865598762,3061771665408,0.556492865598762
quota_lru_window_frequency,96,40,46,752250,241073,511177,511177,126,511051,507612,507708,3469,0.32046925888999667,4824071405568,0.32046925888999667
quota_lru_window_frequency,96,40,47,746547,268484,478063,478063,121,477942,474952,475048,3015,0.3596344235527033,4511568494592,0.35963442355270336
quota_lru_random_order_seed731,96,40,0,835525,439194,396331,396331,128,396203,396235,396331,0,0.525650339606834,3740248571904,0.525650339606834
quota_lru_random_order_seed731,96,40,1,833321,440083,393238,393238,128,393110,393142,393238,0,0.5281074159897566,3711059361792,0.5281074159897566
quota_lru_random_order_seed731,96,40,2,771712,505213,266499,266499,128,266371,266403,266499,0,0.6546652118925195,2515000098816,0.6546652118925195
quota_lru_random_order_seed731,96,40,3,812190,464464,347726,347726,128,347598,347630,347726,0,0.5718661889459363,3281554243584,0.5718661889459362
quota_lru_random_order_seed731,96,40,4,783878,495119,288759,288759,128,288631,288663,288759,0,0.6316276257274729,2725071814656,0.6316276257274729
quota_lru_random_order_seed731,96,40,5,789848,488672,301176,301176,128,301048,301080,301176,0,0.6186911912165378,2842253328384,0.6186911912165378
quota_lru_random_order_seed731,96,40,6,785541,499582,285959,285959,128,285831,285863,285959,0,0.6359718970747549,2698647699456,0.6359718970747549
quota_lru_random_order_seed731,96,40,7,785500,502892,282608,282608,128,282480,282512,282608,0,0.6402189688096753,2667023695872,0.6402189688096753
quota_lru_random_order_seed731,96,40,8,811106,466457,344649,344649,128,344521,344553,344649,0,0.5750875964423885,3252516028416,0.5750875964423885
quota_lru_random_order_seed731,96,40,9,792899,481095,311804,311804,128,311676,311708,311804,0,0.6067544542243085,2942551719936,0.6067544542243085
quota_lru_random_order_seed731,96,40,10,790926,478550,312376,312376,128,312248,312280,312376,0,0.6050502828330336,2947949789184,0.6050502828330337
quota_lru_random_order_seed731,96,40,11,802109,470473,331636,331636,128,331508,331540,331636,0,0.586544970820674,3129709953024,0.586544970820674
quota_lru_random_order_seed731,96,40,12,775408,485506,289902,289902,128,289774,289806,289902,0,0.626129727833605,2735858515968,0.6261297278336051
quota_lru_random_order_seed731,96,40,13,765542,501466,264076,264076,128,263948,263980,264076,0,0.6550470124434714,2492133801984,0.6550470124434714
quota_lru_random_order_seed731,96,40,14,769261,497279,271982,271982,128,271854,271886,271982,0,0.6464372950143059,2566744178688,0.6464372950143059
quota_lru_random_order_seed731,96,40,15,783090,483029,300061,300061,128,299933,299965,300061,0,0.6168243752314548,2831730868224,0.6168243752314548
quota_lru_random_order_seed731,96,40,16,751494,537455,214039,214039,128,213911,213943,214039,0,0.7151820240747099,2019925426176,0.7151820240747098
quota_lru_random_order_seed731,96,40,17,735616,532763,202853,202853,128,202725,202757,202853,0,0.7242406364190013,1914361085952,0.7242406364190013
quota_lru_random_order_seed731,96,40,18,768731,513256,255475,255475,128,255347,255379,255475,0,0.6676665829789614,2410964582400,0.6676665829789614
quota_lru_random_order_seed731,96,40,19,780563,501939,278624,278624,128,278496,278528,278624,0,0.6430473901530049,2629425954816,0.6430473901530049
quota_lru_random_order_seed731,96,40,20,791661,479408,312253,312253,128,312125,312157,312253,0,0.6055723346230267,2946789015552,0.6055723346230268
quota_lru_random_order_seed731,96,40,21,774079,494030,280049,280049,128,279921,279953,280049,0,0.6382165127848708,2642873942016,0.6382165127848708
quota_lru_random_order_seed731,96,40,22,785935,477467,308468,308468,128,308340,308372,308468,0,0.6075146163486802,2911069274112,0.6075146163486802
quota_lru_random_order_seed731,96,40,23,785459,476980,308479,308479,128,308351,308383,308479,0,0.6072627597366635,2911173083136,0.6072627597366635
quota_lru_random_order_seed731,96,40,24,776115,481792,294323,294323,128,294195,294227,294323,0,0.6207739832370203,2777580306432,0.6207739832370203
quota_lru_random_order_seed731,96,40,25,761251,494192,267059,267059,128,266931,266963,267059,0,0.649184040480735,2520284921856,0.649184040480735
quota_lru_random_order_seed731,96,40,26,778850,486034,292816,292816,128,292688,292720,292816,0,0.6240405726391475,2763358470144,0.6240405726391475
quota_lru_random_order_seed731,96,40,27,786252,475692,310560,310560,128,310432,310464,310560,0,0.6050121335144457,2930811863040,0.6050121335144458
quota_lru_random_order_seed731,96,40,28,756158,522707,233451,233451,128,233323,233355,233451,0,0.6912669045358245,2203120041984,0.6912669045358245
quota_lru_random_order_seed731,96,40,29,771640,500359,271281,271281,128,271153,271185,271281,0,0.6484357990772899,2560128712704,0.64843579907729
quota_lru_random_order_seed731,96,40,30,768942,512227,256715,256715,128,256587,256619,256715,0,0.6661451708971547,2422666690560,0.6661451708971549
quota_lru_random_order_seed731,96,40,31,779981,502787,277194,277194,128,277066,277098,277194,0,0.6446144200948485,2615930781696,0.6446144200948485
quota_lru_random_order_seed731,96,40,32,798364,474117,324247,324247,128,324119,324151,324247,0,0.5938606951215235,3059978600448,0.5938606951215235
quota_lru_random_order_seed731,96,40,33,785681,488056,297625,297625,128,297497,297529,297625,0,0.6211884976218084,2808741888000,0.6211884976218083
quota_lru_random_order_seed731,96,40,34,783716,481437,302279,302279,128,302151,302183,302279,0,0.6143003332839957,2852662542336,0.6143003332839958
quota_lru_random_order_seed731,96,40,35,794747,476453,318294,318294,128,318166,318198,318294,0,0.5995027348325945,3003799044096,0.5995027348325945
quota_lru_random_order_seed731,96,40,36,781106,484465,296641,296641,128,296513,296545,296641,0,0.6202295207052564,2799455698944,0.6202295207052564
quota_lru_random_order_seed731,96,40,37,768246,504734,263512,263512,128,263384,263416,263512,0,0.6569952853643234,2486811230208,0.6569952853643234
quota_lru_random_order_seed731,96,40,38,776922,495866,281056,281056,128,280928,280960,281056,0,0.6382442510316351,2652377186304,0.6382442510316351
quota_lru_random_order_seed731,96,40,39,783331,492114,291217,291217,128,291089,291121,291217,0,0.6282325096287521,2748268412928,0.6282325096287521
quota_lru_random_order_seed731,96,40,40,764502,521015,243487,243487,128,243359,243391,243487,0,0.6815090084787221,2297831620608,0.6815090084787221
quota_lru_random_order_seed731,96,40,41,745064,548527,196537,196537,128,196409,196441,196537,0,0.7362146070673123,1854755831808,0.7362146070673123
quota_lru_random_order_seed731,96,40,42,737151,559845,177306,177306,127,177179,177210,177306,0,0.7594712616546677,1673269346304,0.7594712616546677
quota_lru_random_order_seed731,96,40,43,733987,562994,170993,170993,125,170868,170897,170993,0,0.76703538346047,1613692403712,0.76703538346047
quota_lru_random_order_seed731,96,40,44,739696,552023,187673,187673,126,187547,187577,187673,0,0.7462836084012892,1771104632832,0.7462836084012892
quota_lru_random_order_seed731,96,40,45,731526,558815,172711,172711,128,172583,172615,172711,0,0.7639031285285827,1629905485824,0.7639031285285827
quota_lru_random_order_seed731,96,40,46,752250,538697,213553,213553,126,213427,213457,213553,0,0.7161143236955799,2015338954752,0.7161143236955799
quota_lru_random_order_seed731,96,40,47,746547,529815,216732,216732,121,216611,216636,216732,0,0.7096874007932521,2045339762688,0.7096874007932521
quota_lru_random_order_seed732,96,40,0,835525,439452,396073,396073,128,395945,395977,396073,0,0.525959127494689,3737813778432,0.525959127494689
quota_lru_random_order_seed732,96,40,1,833321,440256,393065,393065,128,392937,392969,393065,0,0.5283150190622822,3709426728960,0.5283150190622821
quota_lru_random_order_seed732,96,40,2,771712,505273,266439,266439,128,266311,266343,266439,0,0.6547429611046608,2514433867776,0.6547429611046608
quota_lru_random_order_seed732,96,40,3,812190,464615,347575,347575,128,347447,347479,347575,0,0.5720521060343023,3280129228800,0.5720521060343023
quota_lru_random_order_seed732,96,40,4,783878,495171,288707,288707,128,288579,288611,288707,0,0.6316939625809118,2724581081088,0.6316939625809118
quota_lru_random_order_seed732,96,40,5,789848,488936,300912,300912,128,300784,300816,300912,0,0.6190254327414895,2839761911808,0.6190254327414895
quota_lru_random_order_seed732,96,40,6,785541,499679,285862,285862,128,285734,285766,285862,0,0.6360953788535544,2697732292608,0.6360953788535544
quota_lru_random_order_seed732,96,40,7,785500,502814,282686,282686,128,282558,282590,282686,0,0.6401196690006365,2667759796224,0.6401196690006365
quota_lru_random_order_seed732,96,40,8,811106,467397,343709,343709,128,343581,343613,343709,0,0.576246507854707,3243645075456,0.576246507854707
quota_lru_random_order_seed732,96,40,9,792899,481060,311839,311839,128,311711,311743,311839,0,0.606710312410534,2942882021376,0.606710312410534
quota_lru_random_order_seed732,96,40,10,790926,478341,312585,312585,128,312457,312489,312585,0,0.6047860356088939,2949922160640,0.6047860356088939
quota_lru_random_order_seed732,96,40,11,802109,470231,331878,331878,128,331750,331782,331878,0,0.586243266189508,3131993751552,0.5862432661895078
quota_lru_random_order_seed732,96,40,12,775408,485718,289690,289690,128,289562,289594,289690,0,0.6264031322864866,2733857832960,0.6264031322864866
quota_lru_random_order_seed732,96,40,13,765542,501374,264168,264168,128,264040,264072,264168,0,0.6549268361500741,2493002022912,0.6549268361500741
quota_lru_random_order_seed732,96,40,14,769261,497885,271376,271376,128,271248,271280,271376,0,0.6472250640549826,2561025245184,0.6472250640549826
quota_lru_random_order_seed732,96,40,15,783090,482916,300174,300174,128,300046,300078,300174,0,0.6166800750871547,2832797270016,0.6166800750871547
quota_lru_random_order_seed732,96,40,16,751494,537379,214115,214115,128,213987,214019,214115,0,0.7150808921960787,2020642652160,0.7150808921960787
quota_lru_random_order_seed732,96,40,17,735616,532739,202877,202877,128,202749,202781,202877,0,0.7242080107012354,1914587578368,0.7242080107012354
quota_lru_random_order_seed732,96,40,18,768731,512514,256217,256217,128,256089,256121,256217,0,0.6667013558709093,2417966972928,0.6667013558709094
quota_lru_random_order_seed732,96,40,19,780563,501485,279078,279078,128,278950,278982,279078,0,0.6424657586895612,2633710436352,0.6424657586895612
quota_lru_random_order_seed732,96,40,20,791661,479193,312468,312468,128,312340,312372,312468,0,0.6053007537317109,2948818010112,0.605300753731711
quota_lru_random_order_seed732,96,40,21,774079,494282,279797,279797,128,279669,279701,279797,0,0.638542060952435,2640495771648,0.638542060952435
quota_lru_random_order_seed732,96,40,22,785935,476664,309271,309271,128,309143,309175,309271,0,0.6064929033571479,2918647332864,0.6064929033571478
quota_lru_random_order_seed732,96,40,23,785459,477775,307684,307684,128,307556,307588,307684,0,0.6082749067742556,2903670521856,0.6082749067742556
quota_lru_random_order_seed732,96,40,24,776115,481259,294856,294856,128,294728,294760,294856,0,0.6200872293410126,2782610325504,0.6200872293410127
quota_lru_random_order_seed732,96,40,25,761251,494527,266724,266724,128,266596,266628,266724,0,0.6496241055840978,2517123465216,0.6496241055840978
quota_lru_random_order_seed732,96,40,26,778850,485742,293108,293108,128,292980,293012,293108,0,0.6236656609103165,2766114127872,0.6236656609103165
quota_lru_random_order_seed732,96,40,27,786252,476017,310235,310235,128,310107,310139,310235,0,0.6054254869939918,2927744778240,0.6054254869939917
quota_lru_random_order_seed732,96,40,28,756158,522340,233818,233818,128,233690,233722,233818,0,0.6907815562356016,2206583488512,0.6907815562356016
quota_lru_random_order_seed732,96,40,29,771640,500563,271077,271077,128,270949,270981,271077,0,0.6487001710642268,2558203527168,0.6487001710642268
quota_lru_random_order_seed732,96,40,30,768942,513109,255833,255833,128,255705,255737,255833,0,0.6672922014924403,2414343094272,0.6672922014924403
quota_lru_random_order_seed732,96,40,31,779981,504042,275939,275939,128,275811,275843,275939,0,0.6462234336477427,2604087115776,0.6462234336477427
quota_lru_random_order_seed732,96,40,32,798364,474050,324314,324314,128,324186,324218,324314,0,0.5937767735018112,3060610891776,0.5937767735018111
quota_lru_random_order_seed732,96,40,33,785681,487016,298665,298665,128,298537,298569,298665,0,0.6198648051817468,2818556559360,0.6198648051817468
quota_lru_random_order_seed732,96,40,34,783716,481616,302100,302100,128,301972,302004,302100,0,0.6145287323469216,2850973286400,0.6145287323469215
quota_lru_random_order_seed732,96,40,35,794747,476725,318022,318022,128,317894,317926,318022,0,0.5998449821138048,3001232130048,0.5998449821138048
quota_lru_random_order_seed732,96,40,36,781106,484280,296826,296826,128,296698,296730,296826,0,0.6199926770502339,2801201577984,0.619992677050234
quota_lru_random_order_seed732,96,40,37,768246,504017,264229,264229,128,264101,264133,264229,0,0.6560619905603153,2493577691136,0.6560619905603153
quota_lru_random_order_seed732,96,40,38,776922,496072,280850,280850,128,280722,280754,280850,0,0.6385093999140197,2650433126400,0.6385093999140197
quota_lru_random_order_seed732,96,40,39,783331,492630,290701,290701,128,290573,290605,290701,0,0.6288912349951681,2743398825984,0.6288912349951681
quota_lru_random_order_seed732,96,40,40,764502,521265,243237,243237,128,243109,243141,243237,0,0.6818360187416121,2295472324608,0.6818360187416121
quota_lru_random_order_seed732,96,40,41,745064,548551,196513,196513,128,196385,196417,196513,0,0.7362468190652078,1854529339392,0.7362468190652078
quota_lru_random_order_seed732,96,40,42,737151,560703,176448,176448,127,176321,176352,176448,0,0.7606352022855561,1665172242432,0.7606352022855561
quota_lru_random_order_seed732,96,40,43,733987,562524,171463,171463,125,171338,171367,171463,0,0.7663950451438514,1618127880192,0.7663950451438513
quota_lru_random_order_seed732,96,40,44,739696,552088,187608,187608,126,187482,187512,187608,0,0.7463714823386904,1770491215872,0.7463714823386904
quota_lru_random_order_seed732,96,40,45,731526,558812,172714,172714,128,172586,172618,172714,0,0.763899027512351,1629933797376,0.763899027512351
quota_lru_random_order_seed732,96,40,46,752250,539134,213116,213116,126,212990,213020,213116,0,0.7166952475905617,2011214905344,0.7166952475905617
quota_lru_random_order_seed732,96,40,47,746547,529838,216709,216709,121,216588,216613,216709,0,0.7097182093022945,2045122707456,0.7097182093022945
quota_lru_random_order_seed733,96,40,0,835525,438773,396752,396752,128,396624,396656,396752,0,0.5251464647975823,3744221626368,0.5251464647975823
quota_lru_random_order_seed733,96,40,1,833321,440294,393027,393027,128,392899,392931,393027,0,0.5283606197371721,3709068115968,0.5283606197371722
quota_lru_random_order_seed733,96,40,2,771712,505556,266156,266156,128,266028,266060,266156,0,0.6551096782219273,2511763144704,0.6551096782219273
quota_lru_random_order_seed733,96,40,3,812190,464360,347830,347830,128,347702,347734,347830,0,0.5717381400903729,3282535710720,0.5717381400903729
quota_lru_random_order_seed733,96,40,4,783878,495260,288618,288618,128,288490,288522,288618,0,0.63180750065699,2723741171712,0.63180750065699
quota_lru_random_order_seed733,96,40,5,789848,488661,301187,301187,128,301059,301091,301187,0,0.6186772644863315,2842357137408,0.6186772644863315
quota_lru_random_order_seed733,96,40,6,785541,499617,285924,285924,128,285796,285828,285924,0,0.636016452355765,2698317398016,0.636016452355765
quota_lru_random_order_seed733,96,40,7,785500,502563,282937,282937,128,282809,282841,282937,0,0.6398001273074475,2670128529408,0.6398001273074475
quota_lru_random_order_seed733,96,40,8,811106,467437,343669,343669,128,343541,343573,343669,0,0.5762958232339547,3243267588096,0.5762958232339546
quota_lru_random_order_seed733,96,40,9,792899,481110,311789,311789,128,311661,311693,311789,0,0.6067733721444976,2942410162176,0.6067733721444977
quota_lru_random_order_seed733,96,40,10,790926,478199,312727,312727,128,312599,312631,312727,0,0.6046064992173731,2951262240768,0.604606499217373
quota_lru_random_order_seed733,96,40,11,802109,470893,331216,331216,128,331088,331120,331216,0,0.5870685904284829,3125746335744,0.5870685904284829
quota_lru_random_order_seed733,96,40,12,775408,485747,289661,289661,128,289533,289565,289661,0,0.6264405319522109,2733584154624,0.6264405319522109
quota_lru_random_order_seed733,96,40,13,765542,500740,264802,264802,128,264674,264706,264802,0,0.6540986647368793,2498985197568,0.6540986647368792
quota_lru_random_order_seed733,96,40,14,769261,497288,271973,271973,128,271845,271877,271973,0,0.646448994554514,2566659244032,0.646448994554514
quota_lru_random_order_seed733,96,40,15,783090,483227,299863,299863,128,299735,299767,299863,0,0.617077219732087,2829862305792,0.6170772197320871
quota_lru_random_order_seed733,96,40,16,751494,537540,213954,213954,128,213826,213858,213954,0,0.715295132096863,2019123265536,0.715295132096863
quota_lru_random_order_seed733,96,40,17,735616,533197,202419,202419,128,202291,202323,202419,0,0.7248306181485993,1910265348096,0.7248306181485993
quota_lru_random_order_seed733,96,40,18,768731,512572,256159,256159,128,256031,256063,256159,0,0.6667768048901371,2417419616256,0.6667768048901371
quota_lru_random_order_seed733,96,40,19,780563,501647,278916,278916,128,278788,278820,278916,0,0.6426733011941381,2632181612544,0.6426733011941381
quota_lru_random_order_seed733,96,40,20,791661,479985,311676,311676,128,311548,311580,311676,0,0.6063011819453024,2941343760384,0.6063011819453024
quota_lru_random_order_seed733,96,40,21,774079,493574,280505,280505,128,280377,280409,280505,0,0.6376274256245164,2647177297920,0.6376274256245164
quota_lru_random_order_seed733,96,40,22,785935,477441,308494,308494,128,308366,308398,308494,0,0.6074815347325161,2911314640896,0.607481534732516
quota_lru_random_order_seed733,96,40,23,785459,477247,308212,308212,128,308084,308116,308212,0,0.6076026883643831,2908653355008,0.6076026883643831
quota_lru_random_order_seed733,96,40,24,776115,481300,294815,294815,128,294687,294719,294815,0,0.6201400565637825,2782223400960,0.6201400565637825
quota_lru_random_order_seed733,96,40,25,761251,494490,266761,266761,128,266633,266665,266761,0,0.6495755013786517,2517472641024,0.6495755013786517
quota_lru_random_order_seed733,96,40,26,778850,485481,293369,293369,128,293241,293273,293369,0,0.6233305514540669,2768577232896,0.6233305514540669
quota_lru_random_order_seed733,96,40,27,786252,475259,310993,310993,128,310865,310897,310993,0,0.6044614194940044,2934898163712,0.6044614194940044
quota_lru_random_order_seed733,96,40,28,756158,522676,233482,233482,128,233354,233386,233482,0,0.6912259078129174,2203412594688,0.6912259078129175
quota_lru_random_order_seed733,96,40,29,771640,499410,272230,272230,128,272102,272134,272230,0,0.6472059509615883,2569084600320,0.6472059509615883
quota_lru_random_order_seed733,96,40,30,768942,512781,256161,256161,128,256033,256065,256161,0,0.6668656413617672,2417438490624,0.6668656413617672
quota_lru_random_order_seed733,96,40,31,779981,503444,276537,276537,128,276409,276441,276537,0,0.6454567483054074,2609730551808,0.6454567483054074
quota_lru_random_order_seed733,96,40,32,798364,474033,324331,324331,128,324203,324235,324331,0,0.593755479956511,3060771323904,0.593755479956511
quota_lru_random_order_seed733,96,40,33,785681,487578,298103,298103,128,297975,298007,298103,0,0.6205801082118569,2813252861952,0.6205801082118569
quota_lru_random_order_seed733,96,40,34,783716,480985,302731,302731,128,302603,302635,302731,0,0.6137235937507974,2856928149504,0.6137235937507974
quota_lru_random_order_seed733,96,40,35,794747,477098,317649,317649,128,317521,317553,317649,0,0.6003143138634056,2997712060416,0.6003143138634056
quota_lru_random_order_seed733,96,40,36,781106,483757,297349,297349,128,297221,297253,297349,0,0.6193231136363054,2806137225216,0.6193231136363054
quota_lru_random_order_seed733,96,40,37,768246,504832,263414,263414,128,263286,263318,263414,0,0.6571228486708685,2485886386176,0.6571228486708685
quota_lru_random_order_seed733,96,40,38,776922,495826,281096,281096,128,280968,281000,281096,0,0.6381927658117545,2652754673664,0.6381927658117545
quota_lru_random_order_seed733,96,40,39,783331,492213,291118,291118,128,290990,291022,291118,0,0.6283588929839365,2747334131712,0.6283588929839365
quota_lru_random_order_seed733,96,40,40,764502,521112,243390,243390,128,243262,243294,243390,0,0.6816358884607234,2296916213760,0.6816358884607234
quota_lru_random_order_seed733,96,40,41,745064,548842,196222,196222,128,196094,196126,196222,0,0.7366373895396906,1851783118848,0.7366373895396905
quota_lru_random_order_seed733,96,40,42,737151,560583,176568,176568,127,176441,176472,176568,0,0.7604724133861313,1666304704512,0.7604724133861311
quota_lru_random_order_seed733,96,40,43,733987,562817,171170,171170,125,171045,171074,171170,0,0.7667942347752753,1615362785280,0.7667942347752753
quota_lru_random_order_seed733,96,40,44,739696,551912,187784,187784,126,187658,187688,187784,0,0.7461335467543423,1772152160256,0.7461335467543424
quota_lru_random_order_seed733,96,40,45,731526,558149,173377,173377,128,173249,173281,173377,0,0.7629927029251182,1636190650368,0.7629927029251182
quota_lru_random_order_seed733,96,40,46,752250,539843,212407,212407,126,212281,212311,212407,0,0.7176377534064473,2004523941888,0.7176377534064473
quota_lru_random_order_seed733,96,40,47,746547,529903,216644,216644,121,216523,216548,216644,0,0.7098052768278488,2044509290496,0.7098052768278488
full_resident,128,40,0,835525,835525,0,0,0,0,0,0,0,1.0,0,1.0
full_resident,128,40,1,833321,833321,0,0,0,0,0,0,0,1.0,0,1.0
full_resident,128,40,2,771712,771712,0,0,0,0,0,0,0,1.0,0,1.0
full_resident,128,40,3,812190,812190,0,0,0,0,0,0,0,1.0,0,1.0
full_resident,128,40,4,783878,783878,0,0,0,0,0,0,0,1.0,0,1.0
full_resident,128,40,5,789848,789848,0,0,0,0,0,0,0,1.0,0,1.0
full_resident,128,40,6,785541,785541,0,0,0,0,0,0,0,1.0,0,1.0
full_resident,128,40,7,785500,785500,0,0,0,0,0,0,0,1.0,0,1.0
full_resident,128,40,8,811106,811106,0,0,0,0,0,0,0,1.0,0,1.0
full_resident,128,40,9,792899,792899,0,0,0,0,0,0,0,1.0,0,1.0
full_resident,128,40,10,790926,790926,0,0,0,0,0,0,0,1.0,0,1.0
full_resident,128,40,11,802109,802109,0,0,0,0,0,0,0,1.0,0,1.0
full_resident,128,40,12,775408,775408,0,0,0,0,0,0,0,1.0,0,1.0
full_resident,128,40,13,765542,765542,0,0,0,0,0,0,0,1.0,0,1.0
full_resident,128,40,14,769261,769261,0,0,0,0,0,0,0,1.0,0,1.0
full_resident,128,40,15,783090,783090,0,0,0,0,0,0,0,1.0,0,1.0
full_resident,128,40,16,751494,751494,0,0,0,0,0,0,0,1.0,0,1.0
full_resident,128,40,17,735616,735616,0,0,0,0,0,0,0,1.0,0,1.0
full_resident,128,40,18,768731,768731,0,0,0,0,0,0,0,1.0,0,1.0
full_resident,128,40,19,780563,780563,0,0,0,0,0,0,0,1.0,0,1.0
full_resident,128,40,20,791661,791661,0,0,0,0,0,0,0,1.0,0,1.0
full_resident,128,40,21,774079,774079,0,0,0,0,0,0,0,1.0,0,1.0
full_resident,128,40,22,785935,785935,0,0,0,0,0,0,0,1.0,0,1.0
full_resident,128,40,23,785459,785459,0,0,0,0,0,0,0,1.0,0,1.0
full_resident,128,40,24,776115,776115,0,0,0,0,0,0,0,1.0,0,1.0
full_resident,128,40,25,761251,761251,0,0,0,0,0,0,0,1.0,0,1.0
full_resident,128,40,26,778850,778850,0,0,0,0,0,0,0,1.0,0,1.0
full_resident,128,40,27,786252,786252,0,0,0,0,0,0,0,1.0,0,1.0
full_resident,128,40,28,756158,756158,0,0,0,0,0,0,0,1.0,0,1.0
full_resident,128,40,29,771640,771640,0,0,0,0,0,0,0,1.0,0,1.0
full_resident,128,40,30,768942,768942,0,0,0,0,0,0,0,1.0,0,1.0
full_resident,128,40,31,779981,779981,0,0,0,0,0,0,0,1.0,0,1.0
full_resident,128,40,32,798364,798364,0,0,0,0,0,0,0,1.0,0,1.0
full_resident,128,40,33,785681,785681,0,0,0,0,0,0,0,1.0,0,1.0
full_resident,128,40,34,783716,783716,0,0,0,0,0,0,0,1.0,0,1.0
full_resident,128,40,35,794747,794747,0,0,0,0,0,0,0,1.0,0,1.0
full_resident,128,40,36,781106,781106,0,0,0,0,0,0,0,1.0,0,1.0
full_resident,128,40,37,768246,768246,0,0,0,0,0,0,0,1.0,0,1.0
full_resident,128,40,38,776922,776922,0,0,0,0,0,0,0,1.0,0,1.0
full_resident,128,40,39,783331,783331,0,0,0,0,0,0,0,1.0,0,1.0
full_resident,128,40,40,764502,764502,0,0,0,0,0,0,0,1.0,0,1.0
full_resident,128,40,41,745064,745064,0,0,0,0,0,0,0,1.0,0,1.0
full_resident,128,40,42,737151,737151,0,0,0,0,0,0,0,1.0,0,1.0
full_resident,128,40,43,733987,733987,0,0,0,0,0,0,0,1.0,0,1.0
full_resident,128,40,44,739696,739696,0,0,0,0,0,0,0,1.0,0,1.0
full_resident,128,40,45,731526,731526,0,0,0,0,0,0,0,1.0,0,1.0
full_resident,128,40,46,752250,752250,0,0,0,0,0,0,0,1.0,0,1.0
full_resident,128,40,47,746547,746547,0,0,0,0,0,0,0,1.0,0,1.0
